Hakim menikahkan jika wali tidak ada	ممن عينته وإلا كان عاضلا. ولو ثبت تواري الولي أو تعززه زوجها الحاكم. وكذا يزوج القاضي إذا أحرم الولي أو أراد نكاحها كابن عم فقد من يساويه في الدرجة ومعتق فلا يزوج الأبعد في الصور المذكورة لبقاء الأقرب على ولايته. وإنما يزوج للقاضي أو طفله إذا أراد نكاح من ليس لها ولي قاض آخر بمحل ولايته إذا كانت المرأة في عمله أو نائب القاضي الذي يتزوج هو أو طفله. ثم محكم عدل ولقاض تزويج من قالت أنا خلية عن نكاح وعدة ما لم يعرف لها زوج وإلا شرط إثبات لفراقه, ثم إن لم يوجد ولي ممن مر فيزوجها محكم عدل حر ولته مع خاطبها أمرها ليزوجها منه وإن لم يكن مجتهدا إذا لم يكن ثم قاض ولو غير أهل وإلا فيشترط كون المحكم مجتهدا. قال شيخنا: نعم إن كان الحاكم لا يزوج إلا بدراهم كما حدث الآن فيتجه أن لها أن تولي عدلا مع وجوده وإن سلمنا أنه لا ينعزل بذلك بأن علم موليه ذلك منه حال التولية انتهى. ولو وطئ في نكاح بلا ولي كأن زوجت نفسها ولم يحكم حاكم بصحته ولا ببطلانه لزمه مهر المثل دون المسمى لفساد النكاح ويعزر به معتقد تحريمه ويسقط عند الحد. ويجوز لقاض تزويج من قالت أنا خلية عن نكاح وعدة أو طلقني زوجي واعتددت ما لم يعرف لها زوجا معينا وإلا أي وإن عرف لها زوجا باسمه أو شخصه أو عينته شرط في صحة تزويج الحاكم لها دون الولي الخاص إثبات لفراقه بنحو طلاق أو موت سواء أغاب أم حضر وإنما فرقوا بين المعين وغيره مع أن المدار والعلم يسبق الزوجية أو بعدمه حتى يعمل بالأصل في كل منهما لان القاضي لما تعين الزوج عنده باسمه أو شخصه تأكد له الاحتياط والعمل بأصل بقاء الزوجية فاشترط الثبوت ولأنها لما ذكرت معينا باسم العلم كأنها ادعت عليه بل صرحوا بأنها دعوى عليه فلا بد من إثبات ذلك ولمجبر توكيل في تزويج موليته بغير	إذنها وعلى وكيل رعاية حظ ولغيره بعد إذن له فيه, بخلاف ما إذا عرف مطلق الزوجية من غير تعيين بما ذكر فاكتفي بإخبارها بالخلو عن الموانع لقول الأصحاب: إن العبرة في العقود بقول أربابها. وأما الولي الخاص فيزوجها إن صدقها وإن عرف زوجها الأول من غير إثبات طلاق ولا يمين لكن يسن له كقاض لم يعرف زوجها طلبت إثبات ذلك ولا فرق بين القاضي والولي حيث فصل بين المعين وغيره في ذلك دون هذا لان القاضي يجب عليه الاحتياط أكثر من الولي. ويجوز لمجبر وهو الأب والجد في البكر توكيل معين صح تزوجه في تزويج موليته بغير إذنها وإن لم يعين المجبر الزوج في توكيله وعلى وكيل إن لم يعين الولي الزوج رعاية حظ واحتياط في أمرها فإن زوجها بغير كفء أو بكفء وقد خطبها أكفأ منه لم يصح التزويج لمخالفته الاحتياط الواجب عليه. ويجوز التوكيل لغيره أي غير المجبر بأن لم يكن أبا ولا جدا في البكر أن كانت موليته ثيبا فليوكل بعد إذن حصل منها له فيه أي التزويج إن لم تنهه عن التوكيل وإذا عينت للولي رجلا فليعينه للوكيل وإلا لم يصح تزويجه ولو لمن عينته لأن الإذن المطلق مع أن المطلوب معين فاسد. وخرج بقولي بعد إذنها للولي في التزويج ما لو وكله قبل إذنها له فيه فلا يصح التوكيل ولا النكاح. نعم: لو وكل قبل أن يعلم إذنها له ظانا جواز التوكيل قبل الإذن فزوجها الوكيل صح إن تبين أنها كانت أذنت قبل التوكيل لان العبرة في العقود بما في نفس الأمر لا بما في ظن المكلف وإلا فلا. فروع لو زوج القاضي امرأة قبل ثبوت توكيله بل بخبر عدل نفذ وصح لكنه غير جائز لأنه تعاطى عقدا فاسدا في الظاهر كما قاله بعض أصحابنا. ولو بلغت الولي امرأة إذن موليته فيه فصدقها ووكل القاضي فزوجها صح التوكيل والتزويج. ولو قالت امرأة لوليها أذنت لك في تزويجي لمن أراد تزويجي الآن وبعد طلاقي وانقضاء عدتي
Hukum nikah tanpa wali	ممن عينته وإلا كان عاضلا. ولو ثبت تواري الولي أو تعززه زوجها الحاكم. وكذا يزوج القاضي إذا أحرم الولي أو أراد نكاحها كابن عم فقد من يساويه في الدرجة ومعتق فلا يزوج الأبعد في الصور المذكورة لبقاء الأقرب على ولايته. وإنما يزوج للقاضي أو طفله إذا أراد نكاح من ليس لها ولي قاض آخر بمحل ولايته إذا كانت المرأة في عمله أو نائب القاضي الذي يتزوج هو أو طفله. ثم محكم عدل ولقاض تزويج من قالت أنا خلية عن نكاح وعدة ما لم يعرف لها زوج وإلا شرط إثبات لفراقه, ثم إن لم يوجد ولي ممن مر فيزوجها محكم عدل حر ولته مع خاطبها أمرها ليزوجها منه وإن لم يكن مجتهدا إذا لم يكن ثم قاض ولو غير أهل وإلا فيشترط كون المحكم مجتهدا. قال شيخنا: نعم إن كان الحاكم لا يزوج إلا بدراهم كما حدث الآن فيتجه أن لها أن تولي عدلا مع وجوده وإن سلمنا أنه لا ينعزل بذلك بأن علم موليه ذلك منه حال التولية انتهى. ولو وطئ في نكاح بلا ولي كأن زوجت نفسها ولم يحكم حاكم بصحته ولا ببطلانه لزمه مهر المثل دون المسمى لفساد النكاح ويعزر به معتقد تحريمه ويسقط عند الحد. ويجوز لقاض تزويج من قالت أنا خلية عن نكاح وعدة أو طلقني زوجي واعتددت ما لم يعرف لها زوجا معينا وإلا أي وإن عرف لها زوجا باسمه أو شخصه أو عينته شرط في صحة تزويج الحاكم لها دون الولي الخاص إثبات لفراقه بنحو طلاق أو موت سواء أغاب أم حضر وإنما فرقوا بين المعين وغيره مع أن المدار والعلم يسبق الزوجية أو بعدمه حتى يعمل بالأصل في كل منهما لان القاضي لما تعين الزوج عنده باسمه أو شخصه تأكد له الاحتياط والعمل بأصل بقاء الزوجية فاشترط الثبوت ولأنها لما ذكرت معينا باسم العلم كأنها ادعت عليه بل صرحوا بأنها دعوى عليه فلا بد من إثبات ذلك ولمجبر توكيل في تزويج موليته بغير	إذنها وعلى وكيل رعاية حظ ولغيره بعد إذن له فيه, بخلاف ما إذا عرف مطلق الزوجية من غير تعيين بما ذكر فاكتفي بإخبارها بالخلو عن الموانع لقول الأصحاب: إن العبرة في العقود بقول أربابها. وأما الولي الخاص فيزوجها إن صدقها وإن عرف زوجها الأول من غير إثبات طلاق ولا يمين لكن يسن له كقاض لم يعرف زوجها طلبت إثبات ذلك ولا فرق بين القاضي والولي حيث فصل بين المعين وغيره في ذلك دون هذا لان القاضي يجب عليه الاحتياط أكثر من الولي. ويجوز لمجبر وهو الأب والجد في البكر توكيل معين صح تزوجه في تزويج موليته بغير إذنها وإن لم يعين المجبر الزوج في توكيله وعلى وكيل إن لم يعين الولي الزوج رعاية حظ واحتياط في أمرها فإن زوجها بغير كفء أو بكفء وقد خطبها أكفأ منه لم يصح التزويج لمخالفته الاحتياط الواجب عليه. ويجوز التوكيل لغيره أي غير المجبر بأن لم يكن أبا ولا جدا في البكر أن كانت موليته ثيبا فليوكل بعد إذن حصل منها له فيه أي التزويج إن لم تنهه عن التوكيل وإذا عينت للولي رجلا فليعينه للوكيل وإلا لم يصح تزويجه ولو لمن عينته لأن الإذن المطلق مع أن المطلوب معين فاسد. وخرج بقولي بعد إذنها للولي في التزويج ما لو وكله قبل إذنها له فيه فلا يصح التوكيل ولا النكاح. نعم: لو وكل قبل أن يعلم إذنها له ظانا جواز التوكيل قبل الإذن فزوجها الوكيل صح إن تبين أنها كانت أذنت قبل التوكيل لان العبرة في العقود بما في نفس الأمر لا بما في ظن المكلف وإلا فلا. فروع لو زوج القاضي امرأة قبل ثبوت توكيله بل بخبر عدل نفذ وصح لكنه غير جائز لأنه تعاطى عقدا فاسدا في الظاهر كما قاله بعض أصحابنا. ولو بلغت الولي امرأة إذن موليته فيه فصدقها ووكل القاضي فزوجها صح التوكيل والتزويج. ولو قالت امرأة لوليها أذنت لك في تزويجي لمن أراد تزويجي الآن وبعد طلاقي وانقضاء عدتي
Syarat hakim menikahkan wanita mengaku janda	ممن عينته وإلا كان عاضلا. ولو ثبت تواري الولي أو تعززه زوجها الحاكم. وكذا يزوج القاضي إذا أحرم الولي أو أراد نكاحها كابن عم فقد من يساويه في الدرجة ومعتق فلا يزوج الأبعد في الصور المذكورة لبقاء الأقرب على ولايته. وإنما يزوج للقاضي أو طفله إذا أراد نكاح من ليس لها ولي قاض آخر بمحل ولايته إذا كانت المرأة في عمله أو نائب القاضي الذي يتزوج هو أو طفله. ثم محكم عدل ولقاض تزويج من قالت أنا خلية عن نكاح وعدة ما لم يعرف لها زوج وإلا شرط إثبات لفراقه, ثم إن لم يوجد ولي ممن مر فيزوجها محكم عدل حر ولته مع خاطبها أمرها ليزوجها منه وإن لم يكن مجتهدا إذا لم يكن ثم قاض ولو غير أهل وإلا فيشترط كون المحكم مجتهدا. قال شيخنا: نعم إن كان الحاكم لا يزوج إلا بدراهم كما حدث الآن فيتجه أن لها أن تولي عدلا مع وجوده وإن سلمنا أنه لا ينعزل بذلك بأن علم موليه ذلك منه حال التولية انتهى. ولو وطئ في نكاح بلا ولي كأن زوجت نفسها ولم يحكم حاكم بصحته ولا ببطلانه لزمه مهر المثل دون المسمى لفساد النكاح ويعزر به معتقد تحريمه ويسقط عند الحد. ويجوز لقاض تزويج من قالت أنا خلية عن نكاح وعدة أو طلقني زوجي واعتددت ما لم يعرف لها زوجا معينا وإلا أي وإن عرف لها زوجا باسمه أو شخصه أو عينته شرط في صحة تزويج الحاكم لها دون الولي الخاص إثبات لفراقه بنحو طلاق أو موت سواء أغاب أم حضر وإنما فرقوا بين المعين وغيره مع أن المدار والعلم يسبق الزوجية أو بعدمه حتى يعمل بالأصل في كل منهما لان القاضي لما تعين الزوج عنده باسمه أو شخصه تأكد له الاحتياط والعمل بأصل بقاء الزوجية فاشترط الثبوت ولأنها لما ذكرت معينا باسم العلم كأنها ادعت عليه بل صرحوا بأنها دعوى عليه فلا بد من إثبات ذلك ولمجبر توكيل في تزويج موليته بغير	إذنها وعلى وكيل رعاية حظ ولغيره بعد إذن له فيه, بخلاف ما إذا عرف مطلق الزوجية من غير تعيين بما ذكر فاكتفي بإخبارها بالخلو عن الموانع لقول الأصحاب: إن العبرة في العقود بقول أربابها. وأما الولي الخاص فيزوجها إن صدقها وإن عرف زوجها الأول من غير إثبات طلاق ولا يمين لكن يسن له كقاض لم يعرف زوجها طلبت إثبات ذلك ولا فرق بين القاضي والولي حيث فصل بين المعين وغيره في ذلك دون هذا لان القاضي يجب عليه الاحتياط أكثر من الولي. ويجوز لمجبر وهو الأب والجد في البكر توكيل معين صح تزوجه في تزويج موليته بغير إذنها وإن لم يعين المجبر الزوج في توكيله وعلى وكيل إن لم يعين الولي الزوج رعاية حظ واحتياط في أمرها فإن زوجها بغير كفء أو بكفء وقد خطبها أكفأ منه لم يصح التزويج لمخالفته الاحتياط الواجب عليه. ويجوز التوكيل لغيره أي غير المجبر بأن لم يكن أبا ولا جدا في البكر أن كانت موليته ثيبا فليوكل بعد إذن حصل منها له فيه أي التزويج إن لم تنهه عن التوكيل وإذا عينت للولي رجلا فليعينه للوكيل وإلا لم يصح تزويجه ولو لمن عينته لأن الإذن المطلق مع أن المطلوب معين فاسد. وخرج بقولي بعد إذنها للولي في التزويج ما لو وكله قبل إذنها له فيه فلا يصح التوكيل ولا النكاح. نعم: لو وكل قبل أن يعلم إذنها له ظانا جواز التوكيل قبل الإذن فزوجها الوكيل صح إن تبين أنها كانت أذنت قبل التوكيل لان العبرة في العقود بما في نفس الأمر لا بما في ظن المكلف وإلا فلا. فروع لو زوج القاضي امرأة قبل ثبوت توكيله بل بخبر عدل نفذ وصح لكنه غير جائز لأنه تعاطى عقدا فاسدا في الظاهر كما قاله بعض أصحابنا. ولو بلغت الولي امرأة إذن موليته فيه فصدقها ووكل القاضي فزوجها صح التوكيل والتزويج. ولو قالت امرأة لوليها أذنت لك في تزويجي لمن أراد تزويجي الآن وبعد طلاقي وانقضاء عدتي
Siapa yang menikahkan jika tidak ada hakim dan wali	ممن عينته وإلا كان عاضلا. ولو ثبت تواري الولي أو تعززه زوجها الحاكم. وكذا يزوج القاضي إذا أحرم الولي أو أراد نكاحها كابن عم فقد من يساويه في الدرجة ومعتق فلا يزوج الأبعد في الصور المذكورة لبقاء الأقرب على ولايته. وإنما يزوج للقاضي أو طفله إذا أراد نكاح من ليس لها ولي قاض آخر بمحل ولايته إذا كانت المرأة في عمله أو نائب القاضي الذي يتزوج هو أو طفله. ثم محكم عدل ولقاض تزويج من قالت أنا خلية عن نكاح وعدة ما لم يعرف لها زوج وإلا شرط إثبات لفراقه, ثم إن لم يوجد ولي ممن مر فيزوجها محكم عدل حر ولته مع خاطبها أمرها ليزوجها منه وإن لم يكن مجتهدا إذا لم يكن ثم قاض ولو غير أهل وإلا فيشترط كون المحكم مجتهدا. قال شيخنا: نعم إن كان الحاكم لا يزوج إلا بدراهم كما حدث الآن فيتجه أن لها أن تولي عدلا مع وجوده وإن سلمنا أنه لا ينعزل بذلك بأن علم موليه ذلك منه حال التولية انتهى. ولو وطئ في نكاح بلا ولي كأن زوجت نفسها ولم يحكم حاكم بصحته ولا ببطلانه لزمه مهر المثل دون المسمى لفساد النكاح ويعزر به معتقد تحريمه ويسقط عند الحد. ويجوز لقاض تزويج من قالت أنا خلية عن نكاح وعدة أو طلقني زوجي واعتددت ما لم يعرف لها زوجا معينا وإلا أي وإن عرف لها زوجا باسمه أو شخصه أو عينته شرط في صحة تزويج الحاكم لها دون الولي الخاص إثبات لفراقه بنحو طلاق أو موت سواء أغاب أم حضر وإنما فرقوا بين المعين وغيره مع أن المدار والعلم يسبق الزوجية أو بعدمه حتى يعمل بالأصل في كل منهما لان القاضي لما تعين الزوج عنده باسمه أو شخصه تأكد له الاحتياط والعمل بأصل بقاء الزوجية فاشترط الثبوت ولأنها لما ذكرت معينا باسم العلم كأنها ادعت عليه بل صرحوا بأنها دعوى عليه فلا بد من إثبات ذلك ولمجبر توكيل في تزويج موليته بغير	إذنها وعلى وكيل رعاية حظ ولغيره بعد إذن له فيه, بخلاف ما إذا عرف مطلق الزوجية من غير تعيين بما ذكر فاكتفي بإخبارها بالخلو عن الموانع لقول الأصحاب: إن العبرة في العقود بقول أربابها. وأما الولي الخاص فيزوجها إن صدقها وإن عرف زوجها الأول من غير إثبات طلاق ولا يمين لكن يسن له كقاض لم يعرف زوجها طلبت إثبات ذلك ولا فرق بين القاضي والولي حيث فصل بين المعين وغيره في ذلك دون هذا لان القاضي يجب عليه الاحتياط أكثر من الولي. ويجوز لمجبر وهو الأب والجد في البكر توكيل معين صح تزوجه في تزويج موليته بغير إذنها وإن لم يعين المجبر الزوج في توكيله وعلى وكيل إن لم يعين الولي الزوج رعاية حظ واحتياط في أمرها فإن زوجها بغير كفء أو بكفء وقد خطبها أكفأ منه لم يصح التزويج لمخالفته الاحتياط الواجب عليه. ويجوز التوكيل لغيره أي غير المجبر بأن لم يكن أبا ولا جدا في البكر أن كانت موليته ثيبا فليوكل بعد إذن حصل منها له فيه أي التزويج إن لم تنهه عن التوكيل وإذا عينت للولي رجلا فليعينه للوكيل وإلا لم يصح تزويجه ولو لمن عينته لأن الإذن المطلق مع أن المطلوب معين فاسد. وخرج بقولي بعد إذنها للولي في التزويج ما لو وكله قبل إذنها له فيه فلا يصح التوكيل ولا النكاح. نعم: لو وكل قبل أن يعلم إذنها له ظانا جواز التوكيل قبل الإذن فزوجها الوكيل صح إن تبين أنها كانت أذنت قبل التوكيل لان العبرة في العقود بما في نفس الأمر لا بما في ظن المكلف وإلا فلا. فروع لو زوج القاضي امرأة قبل ثبوت توكيله بل بخبر عدل نفذ وصح لكنه غير جائز لأنه تعاطى عقدا فاسدا في الظاهر كما قاله بعض أصحابنا. ولو بلغت الولي امرأة إذن موليته فيه فصدقها ووكل القاضي فزوجها صح التوكيل والتزويج. ولو قالت امرأة لوليها أذنت لك في تزويجي لمن أراد تزويجي الآن وبعد طلاقي وانقضاء عدتي
Kapan hakim bisa menjadi wali nikah	ممن عينته وإلا كان عاضلا. ولو ثبت تواري الولي أو تعززه زوجها الحاكم. وكذا يزوج القاضي إذا أحرم الولي أو أراد نكاحها كابن عم فقد من يساويه في الدرجة ومعتق فلا يزوج الأبعد في الصور المذكورة لبقاء الأقرب على ولايته. وإنما يزوج للقاضي أو طفله إذا أراد نكاح من ليس لها ولي قاض آخر بمحل ولايته إذا كانت المرأة في عمله أو نائب القاضي الذي يتزوج هو أو طفله. ثم محكم عدل ولقاض تزويج من قالت أنا خلية عن نكاح وعدة ما لم يعرف لها زوج وإلا شرط إثبات لفراقه, ثم إن لم يوجد ولي ممن مر فيزوجها محكم عدل حر ولته مع خاطبها أمرها ليزوجها منه وإن لم يكن مجتهدا إذا لم يكن ثم قاض ولو غير أهل وإلا فيشترط كون المحكم مجتهدا. قال شيخنا: نعم إن كان الحاكم لا يزوج إلا بدراهم كما حدث الآن فيتجه أن لها أن تولي عدلا مع وجوده وإن سلمنا أنه لا ينعزل بذلك بأن علم موليه ذلك منه حال التولية انتهى. ولو وطئ في نكاح بلا ولي كأن زوجت نفسها ولم يحكم حاكم بصحته ولا ببطلانه لزمه مهر المثل دون المسمى لفساد النكاح ويعزر به معتقد تحريمه ويسقط عند الحد. ويجوز لقاض تزويج من قالت أنا خلية عن نكاح وعدة أو طلقني زوجي واعتددت ما لم يعرف لها زوجا معينا وإلا أي وإن عرف لها زوجا باسمه أو شخصه أو عينته شرط في صحة تزويج الحاكم لها دون الولي الخاص إثبات لفراقه بنحو طلاق أو موت سواء أغاب أم حضر وإنما فرقوا بين المعين وغيره مع أن المدار والعلم يسبق الزوجية أو بعدمه حتى يعمل بالأصل في كل منهما لان القاضي لما تعين الزوج عنده باسمه أو شخصه تأكد له الاحتياط والعمل بأصل بقاء الزوجية فاشترط الثبوت ولأنها لما ذكرت معينا باسم العلم كأنها ادعت عليه بل صرحوا بأنها دعوى عليه فلا بد من إثبات ذلك ولمجبر توكيل في تزويج موليته بغير	إذنها وعلى وكيل رعاية حظ ولغيره بعد إذن له فيه, بخلاف ما إذا عرف مطلق الزوجية من غير تعيين بما ذكر فاكتفي بإخبارها بالخلو عن الموانع لقول الأصحاب: إن العبرة في العقود بقول أربابها. وأما الولي الخاص فيزوجها إن صدقها وإن عرف زوجها الأول من غير إثبات طلاق ولا يمين لكن يسن له كقاض لم يعرف زوجها طلبت إثبات ذلك ولا فرق بين القاضي والولي حيث فصل بين المعين وغيره في ذلك دون هذا لان القاضي يجب عليه الاحتياط أكثر من الولي. ويجوز لمجبر وهو الأب والجد في البكر توكيل معين صح تزوجه في تزويج موليته بغير إذنها وإن لم يعين المجبر الزوج في توكيله وعلى وكيل إن لم يعين الولي الزوج رعاية حظ واحتياط في أمرها فإن زوجها بغير كفء أو بكفء وقد خطبها أكفأ منه لم يصح التزويج لمخالفته الاحتياط الواجب عليه. ويجوز التوكيل لغيره أي غير المجبر بأن لم يكن أبا ولا جدا في البكر أن كانت موليته ثيبا فليوكل بعد إذن حصل منها له فيه أي التزويج إن لم تنهه عن التوكيل وإذا عينت للولي رجلا فليعينه للوكيل وإلا لم يصح تزويجه ولو لمن عينته لأن الإذن المطلق مع أن المطلوب معين فاسد. وخرج بقولي بعد إذنها للولي في التزويج ما لو وكله قبل إذنها له فيه فلا يصح التوكيل ولا النكاح. نعم: لو وكل قبل أن يعلم إذنها له ظانا جواز التوكيل قبل الإذن فزوجها الوكيل صح إن تبين أنها كانت أذنت قبل التوكيل لان العبرة في العقود بما في نفس الأمر لا بما في ظن المكلف وإلا فلا. فروع لو زوج القاضي امرأة قبل ثبوت توكيله بل بخبر عدل نفذ وصح لكنه غير جائز لأنه تعاطى عقدا فاسدا في الظاهر كما قاله بعض أصحابنا. ولو بلغت الولي امرأة إذن موليته فيه فصدقها ووكل القاضي فزوجها صح التوكيل والتزويج. ولو قالت امرأة لوليها أذنت لك في تزويجي لمن أراد تزويجي الآن وبعد طلاقي وانقضاء عدتي
Hukum perwakilan dalam pernikahan	إذنها وعلى وكيل رعاية حظ ولغيره بعد إذن له فيه, بخلاف ما إذا عرف مطلق الزوجية من غير تعيين بما ذكر فاكتفي بإخبارها بالخلو عن الموانع لقول الأصحاب: إن العبرة في العقود بقول أربابها. وأما الولي الخاص فيزوجها إن صدقها وإن عرف زوجها الأول من غير إثبات طلاق ولا يمين لكن يسن له كقاض لم يعرف زوجها طلبت إثبات ذلك ولا فرق بين القاضي والولي حيث فصل بين المعين وغيره في ذلك دون هذا لان القاضي يجب عليه الاحتياط أكثر من الولي. ويجوز لمجبر وهو الأب والجد في البكر توكيل معين صح تزوجه في تزويج موليته بغير إذنها وإن لم يعين المجبر الزوج في توكيله وعلى وكيل إن لم يعين الولي الزوج رعاية حظ واحتياط في أمرها فإن زوجها بغير كفء أو بكفء وقد خطبها أكفأ منه لم يصح التزويج لمخالفته الاحتياط الواجب عليه. ويجوز التوكيل لغيره أي غير المجبر بأن لم يكن أبا ولا جدا في البكر أن كانت موليته ثيبا فليوكل بعد إذن حصل منها له فيه أي التزويج إن لم تنهه عن التوكيل وإذا عينت للولي رجلا فليعينه للوكيل وإلا لم يصح تزويجه ولو لمن عينته لأن الإذن المطلق مع أن المطلوب معين فاسد. وخرج بقولي بعد إذنها للولي في التزويج ما لو وكله قبل إذنها له فيه فلا يصح التوكيل ولا النكاح. نعم: لو وكل قبل أن يعلم إذنها له ظانا جواز التوكيل قبل الإذن فزوجها الوكيل صح إن تبين أنها كانت أذنت قبل التوكيل لان العبرة في العقود بما في نفس الأمر لا بما في ظن المكلف وإلا فلا. فروع لو زوج القاضي امرأة قبل ثبوت توكيله بل بخبر عدل نفذ وصح لكنه غير جائز لأنه تعاطى عقدا فاسدا في الظاهر كما قاله بعض أصحابنا. ولو بلغت الولي امرأة إذن موليته فيه فصدقها ووكل القاضي فزوجها صح التوكيل والتزويج. ولو قالت امرأة لوليها أذنت لك في تزويجي لمن أراد تزويجي الآن وبعد طلاقي وانقضاء عدتي	أما إذا كانت المحرمة للمخطوبة أو إحدى الزوجات الأربعة في العدة البائن فيصح نكاح محرمتها والخامسة لأن البائنة أجنبية. وشرط في الشاهدين أهلية شهادة تأتي شروطها في باب الشهادة وهي حرية كاملة وذكورة محققة وعدالة ومن لازمها الإسلام والتكليف وسمع ونطق وبصر لما يأتي أن الأقوال لا تثبت إلا بالمعاينة والسماع. وفي الأعمى وجه لأنه أهل للشهادة في الجملة الأصح لا وإن عرف الزوجين ومثله من بظلمة شديدة. وعدم تعينهما للولاية وصح بمستوري عدالة, ومعرفة لسان المتعاقدين. وعدم تعينهما أو أحدهما للولاية فلا يصح النكاح بحضرة عبدين أو امرأتين أو فاسقين أو أصمين أو أخرسين أو أعميين أو من لم يفهم لسان المتعاقدين ولا بحضرة متعين للولاية فلو وكل الأب أو الأخ المنفرد في النكاح وحضر مع الآخر لم يصح لأنه ولي عاقد فلا يكون شاهدا ومن ثم لو شهد أخوان من ثلاثة وعقد الثالث بغير وكالة من أحدهما صح وإلا فلا. تنبيه لا يشترط الإشهاد على إذن معتبرة الإذن لأنه ليس ركنا للعقد بل هو شرط فيه فلم يجب الإشهاد عليه إن كان الولي غير حاكم وكذا إن كان حاكما على الأوجه ونقل في البحر عن الأصحاب أنه يجوز اعتماد صبي أرسله الولي إلى غيره ليزوج موليته: أي إن وقع في قلبه صدق الخبر. فرع لو زوجها وليها قبل بلوغ إذنها إليه صح على الأوجه إن كان الإذن سابقا على حالة التزويج لان العبرة في العقود بما في نفس الأمر لا بما في ظن المكلف. وصح النكاح بمستوري عدالة وهما من لم يعرف لهما مفسق, وبان بطلانه بحجة فيه أو بإقرار الزوجين في حقهما بما يمنع صحته, كما نص عليه واعتمده جمع وأطالوا فيه وبطل الستر بتجريح عدل وإذا تاب الفاسق لم يلتحق بالمستور. ويسن استتابة المستور عند العقد ولو علم الحاكم فسق الشاهدين لزمه التفريق بين الزوجين ولو قبل الترافع إليه على الأوجه. ويصح أيضا بابني الزوجين أو عدويهما وقد يصح كون الأب شاهدا أيضا: كأن تكون بنته
Syarat wali mewakilkan akad nikah	إذنها وعلى وكيل رعاية حظ ولغيره بعد إذن له فيه, بخلاف ما إذا عرف مطلق الزوجية من غير تعيين بما ذكر فاكتفي بإخبارها بالخلو عن الموانع لقول الأصحاب: إن العبرة في العقود بقول أربابها. وأما الولي الخاص فيزوجها إن صدقها وإن عرف زوجها الأول من غير إثبات طلاق ولا يمين لكن يسن له كقاض لم يعرف زوجها طلبت إثبات ذلك ولا فرق بين القاضي والولي حيث فصل بين المعين وغيره في ذلك دون هذا لان القاضي يجب عليه الاحتياط أكثر من الولي. ويجوز لمجبر وهو الأب والجد في البكر توكيل معين صح تزوجه في تزويج موليته بغير إذنها وإن لم يعين المجبر الزوج في توكيله وعلى وكيل إن لم يعين الولي الزوج رعاية حظ واحتياط في أمرها فإن زوجها بغير كفء أو بكفء وقد خطبها أكفأ منه لم يصح التزويج لمخالفته الاحتياط الواجب عليه. ويجوز التوكيل لغيره أي غير المجبر بأن لم يكن أبا ولا جدا في البكر أن كانت موليته ثيبا فليوكل بعد إذن حصل منها له فيه أي التزويج إن لم تنهه عن التوكيل وإذا عينت للولي رجلا فليعينه للوكيل وإلا لم يصح تزويجه ولو لمن عينته لأن الإذن المطلق مع أن المطلوب معين فاسد. وخرج بقولي بعد إذنها للولي في التزويج ما لو وكله قبل إذنها له فيه فلا يصح التوكيل ولا النكاح. نعم: لو وكل قبل أن يعلم إذنها له ظانا جواز التوكيل قبل الإذن فزوجها الوكيل صح إن تبين أنها كانت أذنت قبل التوكيل لان العبرة في العقود بما في نفس الأمر لا بما في ظن المكلف وإلا فلا. فروع لو زوج القاضي امرأة قبل ثبوت توكيله بل بخبر عدل نفذ وصح لكنه غير جائز لأنه تعاطى عقدا فاسدا في الظاهر كما قاله بعض أصحابنا. ولو بلغت الولي امرأة إذن موليته فيه فصدقها ووكل القاضي فزوجها صح التوكيل والتزويج. ولو قالت امرأة لوليها أذنت لك في تزويجي لمن أراد تزويجي الآن وبعد طلاقي وانقضاء عدتي	أما إذا كانت المحرمة للمخطوبة أو إحدى الزوجات الأربعة في العدة البائن فيصح نكاح محرمتها والخامسة لأن البائنة أجنبية. وشرط في الشاهدين أهلية شهادة تأتي شروطها في باب الشهادة وهي حرية كاملة وذكورة محققة وعدالة ومن لازمها الإسلام والتكليف وسمع ونطق وبصر لما يأتي أن الأقوال لا تثبت إلا بالمعاينة والسماع. وفي الأعمى وجه لأنه أهل للشهادة في الجملة الأصح لا وإن عرف الزوجين ومثله من بظلمة شديدة. وعدم تعينهما للولاية وصح بمستوري عدالة, ومعرفة لسان المتعاقدين. وعدم تعينهما أو أحدهما للولاية فلا يصح النكاح بحضرة عبدين أو امرأتين أو فاسقين أو أصمين أو أخرسين أو أعميين أو من لم يفهم لسان المتعاقدين ولا بحضرة متعين للولاية فلو وكل الأب أو الأخ المنفرد في النكاح وحضر مع الآخر لم يصح لأنه ولي عاقد فلا يكون شاهدا ومن ثم لو شهد أخوان من ثلاثة وعقد الثالث بغير وكالة من أحدهما صح وإلا فلا. تنبيه لا يشترط الإشهاد على إذن معتبرة الإذن لأنه ليس ركنا للعقد بل هو شرط فيه فلم يجب الإشهاد عليه إن كان الولي غير حاكم وكذا إن كان حاكما على الأوجه ونقل في البحر عن الأصحاب أنه يجوز اعتماد صبي أرسله الولي إلى غيره ليزوج موليته: أي إن وقع في قلبه صدق الخبر. فرع لو زوجها وليها قبل بلوغ إذنها إليه صح على الأوجه إن كان الإذن سابقا على حالة التزويج لان العبرة في العقود بما في نفس الأمر لا بما في ظن المكلف. وصح النكاح بمستوري عدالة وهما من لم يعرف لهما مفسق, وبان بطلانه بحجة فيه أو بإقرار الزوجين في حقهما بما يمنع صحته, كما نص عليه واعتمده جمع وأطالوا فيه وبطل الستر بتجريح عدل وإذا تاب الفاسق لم يلتحق بالمستور. ويسن استتابة المستور عند العقد ولو علم الحاكم فسق الشاهدين لزمه التفريق بين الزوجين ولو قبل الترافع إليه على الأوجه. ويصح أيضا بابني الزوجين أو عدويهما وقد يصح كون الأب شاهدا أيضا: كأن تكون بنته
Kewajiban wakil menikahkan perempuan	إذنها وعلى وكيل رعاية حظ ولغيره بعد إذن له فيه, بخلاف ما إذا عرف مطلق الزوجية من غير تعيين بما ذكر فاكتفي بإخبارها بالخلو عن الموانع لقول الأصحاب: إن العبرة في العقود بقول أربابها. وأما الولي الخاص فيزوجها إن صدقها وإن عرف زوجها الأول من غير إثبات طلاق ولا يمين لكن يسن له كقاض لم يعرف زوجها طلبت إثبات ذلك ولا فرق بين القاضي والولي حيث فصل بين المعين وغيره في ذلك دون هذا لان القاضي يجب عليه الاحتياط أكثر من الولي. ويجوز لمجبر وهو الأب والجد في البكر توكيل معين صح تزوجه في تزويج موليته بغير إذنها وإن لم يعين المجبر الزوج في توكيله وعلى وكيل إن لم يعين الولي الزوج رعاية حظ واحتياط في أمرها فإن زوجها بغير كفء أو بكفء وقد خطبها أكفأ منه لم يصح التزويج لمخالفته الاحتياط الواجب عليه. ويجوز التوكيل لغيره أي غير المجبر بأن لم يكن أبا ولا جدا في البكر أن كانت موليته ثيبا فليوكل بعد إذن حصل منها له فيه أي التزويج إن لم تنهه عن التوكيل وإذا عينت للولي رجلا فليعينه للوكيل وإلا لم يصح تزويجه ولو لمن عينته لأن الإذن المطلق مع أن المطلوب معين فاسد. وخرج بقولي بعد إذنها للولي في التزويج ما لو وكله قبل إذنها له فيه فلا يصح التوكيل ولا النكاح. نعم: لو وكل قبل أن يعلم إذنها له ظانا جواز التوكيل قبل الإذن فزوجها الوكيل صح إن تبين أنها كانت أذنت قبل التوكيل لان العبرة في العقود بما في نفس الأمر لا بما في ظن المكلف وإلا فلا. فروع لو زوج القاضي امرأة قبل ثبوت توكيله بل بخبر عدل نفذ وصح لكنه غير جائز لأنه تعاطى عقدا فاسدا في الظاهر كما قاله بعض أصحابنا. ولو بلغت الولي امرأة إذن موليته فيه فصدقها ووكل القاضي فزوجها صح التوكيل والتزويج. ولو قالت امرأة لوليها أذنت لك في تزويجي لمن أراد تزويجي الآن وبعد طلاقي وانقضاء عدتي	أما إذا كانت المحرمة للمخطوبة أو إحدى الزوجات الأربعة في العدة البائن فيصح نكاح محرمتها والخامسة لأن البائنة أجنبية. وشرط في الشاهدين أهلية شهادة تأتي شروطها في باب الشهادة وهي حرية كاملة وذكورة محققة وعدالة ومن لازمها الإسلام والتكليف وسمع ونطق وبصر لما يأتي أن الأقوال لا تثبت إلا بالمعاينة والسماع. وفي الأعمى وجه لأنه أهل للشهادة في الجملة الأصح لا وإن عرف الزوجين ومثله من بظلمة شديدة. وعدم تعينهما للولاية وصح بمستوري عدالة, ومعرفة لسان المتعاقدين. وعدم تعينهما أو أحدهما للولاية فلا يصح النكاح بحضرة عبدين أو امرأتين أو فاسقين أو أصمين أو أخرسين أو أعميين أو من لم يفهم لسان المتعاقدين ولا بحضرة متعين للولاية فلو وكل الأب أو الأخ المنفرد في النكاح وحضر مع الآخر لم يصح لأنه ولي عاقد فلا يكون شاهدا ومن ثم لو شهد أخوان من ثلاثة وعقد الثالث بغير وكالة من أحدهما صح وإلا فلا. تنبيه لا يشترط الإشهاد على إذن معتبرة الإذن لأنه ليس ركنا للعقد بل هو شرط فيه فلم يجب الإشهاد عليه إن كان الولي غير حاكم وكذا إن كان حاكما على الأوجه ونقل في البحر عن الأصحاب أنه يجوز اعتماد صبي أرسله الولي إلى غيره ليزوج موليته: أي إن وقع في قلبه صدق الخبر. فرع لو زوجها وليها قبل بلوغ إذنها إليه صح على الأوجه إن كان الإذن سابقا على حالة التزويج لان العبرة في العقود بما في نفس الأمر لا بما في ظن المكلف. وصح النكاح بمستوري عدالة وهما من لم يعرف لهما مفسق, وبان بطلانه بحجة فيه أو بإقرار الزوجين في حقهما بما يمنع صحته, كما نص عليه واعتمده جمع وأطالوا فيه وبطل الستر بتجريح عدل وإذا تاب الفاسق لم يلتحق بالمستور. ويسن استتابة المستور عند العقد ولو علم الحاكم فسق الشاهدين لزمه التفريق بين الزوجين ولو قبل الترافع إليه على الأوجه. ويصح أيضا بابني الزوجين أو عدويهما وقد يصح كون الأب شاهدا أيضا: كأن تكون بنته
Izin calon istri dalam pernikahan wakil	إذنها وعلى وكيل رعاية حظ ولغيره بعد إذن له فيه, بخلاف ما إذا عرف مطلق الزوجية من غير تعيين بما ذكر فاكتفي بإخبارها بالخلو عن الموانع لقول الأصحاب: إن العبرة في العقود بقول أربابها. وأما الولي الخاص فيزوجها إن صدقها وإن عرف زوجها الأول من غير إثبات طلاق ولا يمين لكن يسن له كقاض لم يعرف زوجها طلبت إثبات ذلك ولا فرق بين القاضي والولي حيث فصل بين المعين وغيره في ذلك دون هذا لان القاضي يجب عليه الاحتياط أكثر من الولي. ويجوز لمجبر وهو الأب والجد في البكر توكيل معين صح تزوجه في تزويج موليته بغير إذنها وإن لم يعين المجبر الزوج في توكيله وعلى وكيل إن لم يعين الولي الزوج رعاية حظ واحتياط في أمرها فإن زوجها بغير كفء أو بكفء وقد خطبها أكفأ منه لم يصح التزويج لمخالفته الاحتياط الواجب عليه. ويجوز التوكيل لغيره أي غير المجبر بأن لم يكن أبا ولا جدا في البكر أن كانت موليته ثيبا فليوكل بعد إذن حصل منها له فيه أي التزويج إن لم تنهه عن التوكيل وإذا عينت للولي رجلا فليعينه للوكيل وإلا لم يصح تزويجه ولو لمن عينته لأن الإذن المطلق مع أن المطلوب معين فاسد. وخرج بقولي بعد إذنها للولي في التزويج ما لو وكله قبل إذنها له فيه فلا يصح التوكيل ولا النكاح. نعم: لو وكل قبل أن يعلم إذنها له ظانا جواز التوكيل قبل الإذن فزوجها الوكيل صح إن تبين أنها كانت أذنت قبل التوكيل لان العبرة في العقود بما في نفس الأمر لا بما في ظن المكلف وإلا فلا. فروع لو زوج القاضي امرأة قبل ثبوت توكيله بل بخبر عدل نفذ وصح لكنه غير جائز لأنه تعاطى عقدا فاسدا في الظاهر كما قاله بعض أصحابنا. ولو بلغت الولي امرأة إذن موليته فيه فصدقها ووكل القاضي فزوجها صح التوكيل والتزويج. ولو قالت امرأة لوليها أذنت لك في تزويجي لمن أراد تزويجي الآن وبعد طلاقي وانقضاء عدتي	أما إذا كانت المحرمة للمخطوبة أو إحدى الزوجات الأربعة في العدة البائن فيصح نكاح محرمتها والخامسة لأن البائنة أجنبية. وشرط في الشاهدين أهلية شهادة تأتي شروطها في باب الشهادة وهي حرية كاملة وذكورة محققة وعدالة ومن لازمها الإسلام والتكليف وسمع ونطق وبصر لما يأتي أن الأقوال لا تثبت إلا بالمعاينة والسماع. وفي الأعمى وجه لأنه أهل للشهادة في الجملة الأصح لا وإن عرف الزوجين ومثله من بظلمة شديدة. وعدم تعينهما للولاية وصح بمستوري عدالة, ومعرفة لسان المتعاقدين. وعدم تعينهما أو أحدهما للولاية فلا يصح النكاح بحضرة عبدين أو امرأتين أو فاسقين أو أصمين أو أخرسين أو أعميين أو من لم يفهم لسان المتعاقدين ولا بحضرة متعين للولاية فلو وكل الأب أو الأخ المنفرد في النكاح وحضر مع الآخر لم يصح لأنه ولي عاقد فلا يكون شاهدا ومن ثم لو شهد أخوان من ثلاثة وعقد الثالث بغير وكالة من أحدهما صح وإلا فلا. تنبيه لا يشترط الإشهاد على إذن معتبرة الإذن لأنه ليس ركنا للعقد بل هو شرط فيه فلم يجب الإشهاد عليه إن كان الولي غير حاكم وكذا إن كان حاكما على الأوجه ونقل في البحر عن الأصحاب أنه يجوز اعتماد صبي أرسله الولي إلى غيره ليزوج موليته: أي إن وقع في قلبه صدق الخبر. فرع لو زوجها وليها قبل بلوغ إذنها إليه صح على الأوجه إن كان الإذن سابقا على حالة التزويج لان العبرة في العقود بما في نفس الأمر لا بما في ظن المكلف. وصح النكاح بمستوري عدالة وهما من لم يعرف لهما مفسق, وبان بطلانه بحجة فيه أو بإقرار الزوجين في حقهما بما يمنع صحته, كما نص عليه واعتمده جمع وأطالوا فيه وبطل الستر بتجريح عدل وإذا تاب الفاسق لم يلتحق بالمستور. ويسن استتابة المستور عند العقد ولو علم الحاكم فسق الشاهدين لزمه التفريق بين الزوجين ولو قبل الترافع إليه على الأوجه. ويصح أيضا بابني الزوجين أو عدويهما وقد يصح كون الأب شاهدا أيضا: كأن تكون بنته
Batasan wewenang wakil dalam nikah	إذنها وعلى وكيل رعاية حظ ولغيره بعد إذن له فيه, بخلاف ما إذا عرف مطلق الزوجية من غير تعيين بما ذكر فاكتفي بإخبارها بالخلو عن الموانع لقول الأصحاب: إن العبرة في العقود بقول أربابها. وأما الولي الخاص فيزوجها إن صدقها وإن عرف زوجها الأول من غير إثبات طلاق ولا يمين لكن يسن له كقاض لم يعرف زوجها طلبت إثبات ذلك ولا فرق بين القاضي والولي حيث فصل بين المعين وغيره في ذلك دون هذا لان القاضي يجب عليه الاحتياط أكثر من الولي. ويجوز لمجبر وهو الأب والجد في البكر توكيل معين صح تزوجه في تزويج موليته بغير إذنها وإن لم يعين المجبر الزوج في توكيله وعلى وكيل إن لم يعين الولي الزوج رعاية حظ واحتياط في أمرها فإن زوجها بغير كفء أو بكفء وقد خطبها أكفأ منه لم يصح التزويج لمخالفته الاحتياط الواجب عليه. ويجوز التوكيل لغيره أي غير المجبر بأن لم يكن أبا ولا جدا في البكر أن كانت موليته ثيبا فليوكل بعد إذن حصل منها له فيه أي التزويج إن لم تنهه عن التوكيل وإذا عينت للولي رجلا فليعينه للوكيل وإلا لم يصح تزويجه ولو لمن عينته لأن الإذن المطلق مع أن المطلوب معين فاسد. وخرج بقولي بعد إذنها للولي في التزويج ما لو وكله قبل إذنها له فيه فلا يصح التوكيل ولا النكاح. نعم: لو وكل قبل أن يعلم إذنها له ظانا جواز التوكيل قبل الإذن فزوجها الوكيل صح إن تبين أنها كانت أذنت قبل التوكيل لان العبرة في العقود بما في نفس الأمر لا بما في ظن المكلف وإلا فلا. فروع لو زوج القاضي امرأة قبل ثبوت توكيله بل بخبر عدل نفذ وصح لكنه غير جائز لأنه تعاطى عقدا فاسدا في الظاهر كما قاله بعض أصحابنا. ولو بلغت الولي امرأة إذن موليته فيه فصدقها ووكل القاضي فزوجها صح التوكيل والتزويج. ولو قالت امرأة لوليها أذنت لك في تزويجي لمن أراد تزويجي الآن وبعد طلاقي وانقضاء عدتي	أما إذا كانت المحرمة للمخطوبة أو إحدى الزوجات الأربعة في العدة البائن فيصح نكاح محرمتها والخامسة لأن البائنة أجنبية. وشرط في الشاهدين أهلية شهادة تأتي شروطها في باب الشهادة وهي حرية كاملة وذكورة محققة وعدالة ومن لازمها الإسلام والتكليف وسمع ونطق وبصر لما يأتي أن الأقوال لا تثبت إلا بالمعاينة والسماع. وفي الأعمى وجه لأنه أهل للشهادة في الجملة الأصح لا وإن عرف الزوجين ومثله من بظلمة شديدة. وعدم تعينهما للولاية وصح بمستوري عدالة, ومعرفة لسان المتعاقدين. وعدم تعينهما أو أحدهما للولاية فلا يصح النكاح بحضرة عبدين أو امرأتين أو فاسقين أو أصمين أو أخرسين أو أعميين أو من لم يفهم لسان المتعاقدين ولا بحضرة متعين للولاية فلو وكل الأب أو الأخ المنفرد في النكاح وحضر مع الآخر لم يصح لأنه ولي عاقد فلا يكون شاهدا ومن ثم لو شهد أخوان من ثلاثة وعقد الثالث بغير وكالة من أحدهما صح وإلا فلا. تنبيه لا يشترط الإشهاد على إذن معتبرة الإذن لأنه ليس ركنا للعقد بل هو شرط فيه فلم يجب الإشهاد عليه إن كان الولي غير حاكم وكذا إن كان حاكما على الأوجه ونقل في البحر عن الأصحاب أنه يجوز اعتماد صبي أرسله الولي إلى غيره ليزوج موليته: أي إن وقع في قلبه صدق الخبر. فرع لو زوجها وليها قبل بلوغ إذنها إليه صح على الأوجه إن كان الإذن سابقا على حالة التزويج لان العبرة في العقود بما في نفس الأمر لا بما في ظن المكلف. وصح النكاح بمستوري عدالة وهما من لم يعرف لهما مفسق, وبان بطلانه بحجة فيه أو بإقرار الزوجين في حقهما بما يمنع صحته, كما نص عليه واعتمده جمع وأطالوا فيه وبطل الستر بتجريح عدل وإذا تاب الفاسق لم يلتحق بالمستور. ويسن استتابة المستور عند العقد ولو علم الحاكم فسق الشاهدين لزمه التفريق بين الزوجين ولو قبل الترافع إليه على الأوجه. ويصح أيضا بابني الزوجين أو عدويهما وقد يصح كون الأب شاهدا أيضا: كأن تكون بنته
Syarat wakil nikah lisan atau tulisan	صح تزويجه بهذا الإذن ثانيا فلو وكل الولي أجنبيا بهذه الصفة صح تزويجه ثانيا أيضا لأنه وإن لم يملكه حال الإذن لكنه تابع لما ملكه حال الإذن كما أفتى به الطيب الناشري وأقره بعض أصحابنا. ولو أمر القاضي رجلا بتزويج من لا ولي لها قبل استئذانها فيه فزوجها بإذنها جاز بناء على الأصح إن استنابته في شغل معين استخلاف لا توكيل. ولزوج توكيل في قبوله. فرع لو استخلف القاضي فقيها في تزويج امرأة لم يكف استخلاف لا توكيل الكتاب فقط بل يشترط اللفظ عليه منه وليس للمكتوب إليه الاعتماد على الخط هذا ما في أصل الروضة وتضعيف البلقيني له مردود بتصريحهم بأن الكتابة وحدها لا تفيد في الاستخلاف بل لا بد من إشهاد شاهدين على ذلك: قاله شيخنا في شرحه الكبير. ويجوز لزوج توكيل في قبوله أي النكاح فيقول وكيل الولي للزوج زوجتك فلانة بنت فلان ابن فلان ثم يقول موكلي أو وكالة عنه إن جهل الزوج أو الشاهدان وكالته وإلا لم يشترط ذلك وإن حصل العلم بأخبار الوكيل ويقول الولي لوكيل الزوج زوجت بنتي لفلان بن فلان فيقول وكيله كما يقول ولي الصبي حين يقبل النكاح له قبلت نكاحها له فإن ترك لفظة له فيهما لم يصح النكاح وإن نوى الموكل أو الطفل كما لو قال زوجتك بدل فلان لعدم التوافق فإن ترك لفظة له في هذه انعقد للوكيل وإن نوى موكله. فروع من قال أنا وكيل في تزويج فلانة فلمن صدقه قبول النكاح منه. ويجوز لمن أخبره عدل بطلاق فلان أو موته أو توكيله أن يعمل به بالنسبة لما يتعلق بنفسه وكذا خطه الموثوق به وأما بالنسبة لحق الغير فرع: يزوج عتيقة امرأة حية وليها بإذن عتيقة وأمة بالغة وليها بإذنها وحدها وأمة صغيرة بكر أو صغير أب لغبطة لا يزوج عبدهما, أو لما يتعلق بالحاكم فلا يجوز اعتماد عدل ولا خط قاض من كل ما ليس بحجة شرعية. فرع [في بيان تزويج العتيقة والأمة] : يزوج عتيقة	إذنها وعلى وكيل رعاية حظ ولغيره بعد إذن له فيه, بخلاف ما إذا عرف مطلق الزوجية من غير تعيين بما ذكر فاكتفي بإخبارها بالخلو عن الموانع لقول الأصحاب: إن العبرة في العقود بقول أربابها. وأما الولي الخاص فيزوجها إن صدقها وإن عرف زوجها الأول من غير إثبات طلاق ولا يمين لكن يسن له كقاض لم يعرف زوجها طلبت إثبات ذلك ولا فرق بين القاضي والولي حيث فصل بين المعين وغيره في ذلك دون هذا لان القاضي يجب عليه الاحتياط أكثر من الولي. ويجوز لمجبر وهو الأب والجد في البكر توكيل معين صح تزوجه في تزويج موليته بغير إذنها وإن لم يعين المجبر الزوج في توكيله وعلى وكيل إن لم يعين الولي الزوج رعاية حظ واحتياط في أمرها فإن زوجها بغير كفء أو بكفء وقد خطبها أكفأ منه لم يصح التزويج لمخالفته الاحتياط الواجب عليه. ويجوز التوكيل لغيره أي غير المجبر بأن لم يكن أبا ولا جدا في البكر أن كانت موليته ثيبا فليوكل بعد إذن حصل منها له فيه أي التزويج إن لم تنهه عن التوكيل وإذا عينت للولي رجلا فليعينه للوكيل وإلا لم يصح تزويجه ولو لمن عينته لأن الإذن المطلق مع أن المطلوب معين فاسد. وخرج بقولي بعد إذنها للولي في التزويج ما لو وكله قبل إذنها له فيه فلا يصح التوكيل ولا النكاح. نعم: لو وكل قبل أن يعلم إذنها له ظانا جواز التوكيل قبل الإذن فزوجها الوكيل صح إن تبين أنها كانت أذنت قبل التوكيل لان العبرة في العقود بما في نفس الأمر لا بما في ظن المكلف وإلا فلا. فروع لو زوج القاضي امرأة قبل ثبوت توكيله بل بخبر عدل نفذ وصح لكنه غير جائز لأنه تعاطى عقدا فاسدا في الظاهر كما قاله بعض أصحابنا. ولو بلغت الولي امرأة إذن موليته فيه فصدقها ووكل القاضي فزوجها صح التوكيل والتزويج. ولو قالت امرأة لوليها أذنت لك في تزويجي لمن أراد تزويجي الآن وبعد طلاقي وانقضاء عدتي
Ucapan wajib wakil dalam akad nikah	صح تزويجه بهذا الإذن ثانيا فلو وكل الولي أجنبيا بهذه الصفة صح تزويجه ثانيا أيضا لأنه وإن لم يملكه حال الإذن لكنه تابع لما ملكه حال الإذن كما أفتى به الطيب الناشري وأقره بعض أصحابنا. ولو أمر القاضي رجلا بتزويج من لا ولي لها قبل استئذانها فيه فزوجها بإذنها جاز بناء على الأصح إن استنابته في شغل معين استخلاف لا توكيل. ولزوج توكيل في قبوله. فرع لو استخلف القاضي فقيها في تزويج امرأة لم يكف استخلاف لا توكيل الكتاب فقط بل يشترط اللفظ عليه منه وليس للمكتوب إليه الاعتماد على الخط هذا ما في أصل الروضة وتضعيف البلقيني له مردود بتصريحهم بأن الكتابة وحدها لا تفيد في الاستخلاف بل لا بد من إشهاد شاهدين على ذلك: قاله شيخنا في شرحه الكبير. ويجوز لزوج توكيل في قبوله أي النكاح فيقول وكيل الولي للزوج زوجتك فلانة بنت فلان ابن فلان ثم يقول موكلي أو وكالة عنه إن جهل الزوج أو الشاهدان وكالته وإلا لم يشترط ذلك وإن حصل العلم بأخبار الوكيل ويقول الولي لوكيل الزوج زوجت بنتي لفلان بن فلان فيقول وكيله كما يقول ولي الصبي حين يقبل النكاح له قبلت نكاحها له فإن ترك لفظة له فيهما لم يصح النكاح وإن نوى الموكل أو الطفل كما لو قال زوجتك بدل فلان لعدم التوافق فإن ترك لفظة له في هذه انعقد للوكيل وإن نوى موكله. فروع من قال أنا وكيل في تزويج فلانة فلمن صدقه قبول النكاح منه. ويجوز لمن أخبره عدل بطلاق فلان أو موته أو توكيله أن يعمل به بالنسبة لما يتعلق بنفسه وكذا خطه الموثوق به وأما بالنسبة لحق الغير فرع: يزوج عتيقة امرأة حية وليها بإذن عتيقة وأمة بالغة وليها بإذنها وحدها وأمة صغيرة بكر أو صغير أب لغبطة لا يزوج عبدهما, أو لما يتعلق بالحاكم فلا يجوز اعتماد عدل ولا خط قاض من كل ما ليس بحجة شرعية. فرع [في بيان تزويج العتيقة والأمة] : يزوج عتيقة	إذنها وعلى وكيل رعاية حظ ولغيره بعد إذن له فيه, بخلاف ما إذا عرف مطلق الزوجية من غير تعيين بما ذكر فاكتفي بإخبارها بالخلو عن الموانع لقول الأصحاب: إن العبرة في العقود بقول أربابها. وأما الولي الخاص فيزوجها إن صدقها وإن عرف زوجها الأول من غير إثبات طلاق ولا يمين لكن يسن له كقاض لم يعرف زوجها طلبت إثبات ذلك ولا فرق بين القاضي والولي حيث فصل بين المعين وغيره في ذلك دون هذا لان القاضي يجب عليه الاحتياط أكثر من الولي. ويجوز لمجبر وهو الأب والجد في البكر توكيل معين صح تزوجه في تزويج موليته بغير إذنها وإن لم يعين المجبر الزوج في توكيله وعلى وكيل إن لم يعين الولي الزوج رعاية حظ واحتياط في أمرها فإن زوجها بغير كفء أو بكفء وقد خطبها أكفأ منه لم يصح التزويج لمخالفته الاحتياط الواجب عليه. ويجوز التوكيل لغيره أي غير المجبر بأن لم يكن أبا ولا جدا في البكر أن كانت موليته ثيبا فليوكل بعد إذن حصل منها له فيه أي التزويج إن لم تنهه عن التوكيل وإذا عينت للولي رجلا فليعينه للوكيل وإلا لم يصح تزويجه ولو لمن عينته لأن الإذن المطلق مع أن المطلوب معين فاسد. وخرج بقولي بعد إذنها للولي في التزويج ما لو وكله قبل إذنها له فيه فلا يصح التوكيل ولا النكاح. نعم: لو وكل قبل أن يعلم إذنها له ظانا جواز التوكيل قبل الإذن فزوجها الوكيل صح إن تبين أنها كانت أذنت قبل التوكيل لان العبرة في العقود بما في نفس الأمر لا بما في ظن المكلف وإلا فلا. فروع لو زوج القاضي امرأة قبل ثبوت توكيله بل بخبر عدل نفذ وصح لكنه غير جائز لأنه تعاطى عقدا فاسدا في الظاهر كما قاله بعض أصحابنا. ولو بلغت الولي امرأة إذن موليته فيه فصدقها ووكل القاضي فزوجها صح التوكيل والتزويج. ولو قالت امرأة لوليها أذنت لك في تزويجي لمن أراد تزويجي الآن وبعد طلاقي وانقضاء عدتي
Hukum wakalah nikah untuk budak dan merdeka	صح تزويجه بهذا الإذن ثانيا فلو وكل الولي أجنبيا بهذه الصفة صح تزويجه ثانيا أيضا لأنه وإن لم يملكه حال الإذن لكنه تابع لما ملكه حال الإذن كما أفتى به الطيب الناشري وأقره بعض أصحابنا. ولو أمر القاضي رجلا بتزويج من لا ولي لها قبل استئذانها فيه فزوجها بإذنها جاز بناء على الأصح إن استنابته في شغل معين استخلاف لا توكيل. ولزوج توكيل في قبوله. فرع لو استخلف القاضي فقيها في تزويج امرأة لم يكف استخلاف لا توكيل الكتاب فقط بل يشترط اللفظ عليه منه وليس للمكتوب إليه الاعتماد على الخط هذا ما في أصل الروضة وتضعيف البلقيني له مردود بتصريحهم بأن الكتابة وحدها لا تفيد في الاستخلاف بل لا بد من إشهاد شاهدين على ذلك: قاله شيخنا في شرحه الكبير. ويجوز لزوج توكيل في قبوله أي النكاح فيقول وكيل الولي للزوج زوجتك فلانة بنت فلان ابن فلان ثم يقول موكلي أو وكالة عنه إن جهل الزوج أو الشاهدان وكالته وإلا لم يشترط ذلك وإن حصل العلم بأخبار الوكيل ويقول الولي لوكيل الزوج زوجت بنتي لفلان بن فلان فيقول وكيله كما يقول ولي الصبي حين يقبل النكاح له قبلت نكاحها له فإن ترك لفظة له فيهما لم يصح النكاح وإن نوى الموكل أو الطفل كما لو قال زوجتك بدل فلان لعدم التوافق فإن ترك لفظة له في هذه انعقد للوكيل وإن نوى موكله. فروع من قال أنا وكيل في تزويج فلانة فلمن صدقه قبول النكاح منه. ويجوز لمن أخبره عدل بطلاق فلان أو موته أو توكيله أن يعمل به بالنسبة لما يتعلق بنفسه وكذا خطه الموثوق به وأما بالنسبة لحق الغير فرع: يزوج عتيقة امرأة حية وليها بإذن عتيقة وأمة بالغة وليها بإذنها وحدها وأمة صغيرة بكر أو صغير أب لغبطة لا يزوج عبدهما, أو لما يتعلق بالحاكم فلا يجوز اعتماد عدل ولا خط قاض من كل ما ليس بحجة شرعية. فرع [في بيان تزويج العتيقة والأمة] : يزوج عتيقة	إذنها وعلى وكيل رعاية حظ ولغيره بعد إذن له فيه, بخلاف ما إذا عرف مطلق الزوجية من غير تعيين بما ذكر فاكتفي بإخبارها بالخلو عن الموانع لقول الأصحاب: إن العبرة في العقود بقول أربابها. وأما الولي الخاص فيزوجها إن صدقها وإن عرف زوجها الأول من غير إثبات طلاق ولا يمين لكن يسن له كقاض لم يعرف زوجها طلبت إثبات ذلك ولا فرق بين القاضي والولي حيث فصل بين المعين وغيره في ذلك دون هذا لان القاضي يجب عليه الاحتياط أكثر من الولي. ويجوز لمجبر وهو الأب والجد في البكر توكيل معين صح تزوجه في تزويج موليته بغير إذنها وإن لم يعين المجبر الزوج في توكيله وعلى وكيل إن لم يعين الولي الزوج رعاية حظ واحتياط في أمرها فإن زوجها بغير كفء أو بكفء وقد خطبها أكفأ منه لم يصح التزويج لمخالفته الاحتياط الواجب عليه. ويجوز التوكيل لغيره أي غير المجبر بأن لم يكن أبا ولا جدا في البكر أن كانت موليته ثيبا فليوكل بعد إذن حصل منها له فيه أي التزويج إن لم تنهه عن التوكيل وإذا عينت للولي رجلا فليعينه للوكيل وإلا لم يصح تزويجه ولو لمن عينته لأن الإذن المطلق مع أن المطلوب معين فاسد. وخرج بقولي بعد إذنها للولي في التزويج ما لو وكله قبل إذنها له فيه فلا يصح التوكيل ولا النكاح. نعم: لو وكل قبل أن يعلم إذنها له ظانا جواز التوكيل قبل الإذن فزوجها الوكيل صح إن تبين أنها كانت أذنت قبل التوكيل لان العبرة في العقود بما في نفس الأمر لا بما في ظن المكلف وإلا فلا. فروع لو زوج القاضي امرأة قبل ثبوت توكيله بل بخبر عدل نفذ وصح لكنه غير جائز لأنه تعاطى عقدا فاسدا في الظاهر كما قاله بعض أصحابنا. ولو بلغت الولي امرأة إذن موليته فيه فصدقها ووكل القاضي فزوجها صح التوكيل والتزويج. ولو قالت امرأة لوليها أذنت لك في تزويجي لمن أراد تزويجي الآن وبعد طلاقي وانقضاء عدتي
Suami boleh mewakilkan penerimaan nikah	صح تزويجه بهذا الإذن ثانيا فلو وكل الولي أجنبيا بهذه الصفة صح تزويجه ثانيا أيضا لأنه وإن لم يملكه حال الإذن لكنه تابع لما ملكه حال الإذن كما أفتى به الطيب الناشري وأقره بعض أصحابنا. ولو أمر القاضي رجلا بتزويج من لا ولي لها قبل استئذانها فيه فزوجها بإذنها جاز بناء على الأصح إن استنابته في شغل معين استخلاف لا توكيل. ولزوج توكيل في قبوله. فرع لو استخلف القاضي فقيها في تزويج امرأة لم يكف استخلاف لا توكيل الكتاب فقط بل يشترط اللفظ عليه منه وليس للمكتوب إليه الاعتماد على الخط هذا ما في أصل الروضة وتضعيف البلقيني له مردود بتصريحهم بأن الكتابة وحدها لا تفيد في الاستخلاف بل لا بد من إشهاد شاهدين على ذلك: قاله شيخنا في شرحه الكبير. ويجوز لزوج توكيل في قبوله أي النكاح فيقول وكيل الولي للزوج زوجتك فلانة بنت فلان ابن فلان ثم يقول موكلي أو وكالة عنه إن جهل الزوج أو الشاهدان وكالته وإلا لم يشترط ذلك وإن حصل العلم بأخبار الوكيل ويقول الولي لوكيل الزوج زوجت بنتي لفلان بن فلان فيقول وكيله كما يقول ولي الصبي حين يقبل النكاح له قبلت نكاحها له فإن ترك لفظة له فيهما لم يصح النكاح وإن نوى الموكل أو الطفل كما لو قال زوجتك بدل فلان لعدم التوافق فإن ترك لفظة له في هذه انعقد للوكيل وإن نوى موكله. فروع من قال أنا وكيل في تزويج فلانة فلمن صدقه قبول النكاح منه. ويجوز لمن أخبره عدل بطلاق فلان أو موته أو توكيله أن يعمل به بالنسبة لما يتعلق بنفسه وكذا خطه الموثوق به وأما بالنسبة لحق الغير فرع: يزوج عتيقة امرأة حية وليها بإذن عتيقة وأمة بالغة وليها بإذنها وحدها وأمة صغيرة بكر أو صغير أب لغبطة لا يزوج عبدهما, أو لما يتعلق بالحاكم فلا يجوز اعتماد عدل ولا خط قاض من كل ما ليس بحجة شرعية. فرع [في بيان تزويج العتيقة والأمة] : يزوج عتيقة	إذنها وعلى وكيل رعاية حظ ولغيره بعد إذن له فيه, بخلاف ما إذا عرف مطلق الزوجية من غير تعيين بما ذكر فاكتفي بإخبارها بالخلو عن الموانع لقول الأصحاب: إن العبرة في العقود بقول أربابها. وأما الولي الخاص فيزوجها إن صدقها وإن عرف زوجها الأول من غير إثبات طلاق ولا يمين لكن يسن له كقاض لم يعرف زوجها طلبت إثبات ذلك ولا فرق بين القاضي والولي حيث فصل بين المعين وغيره في ذلك دون هذا لان القاضي يجب عليه الاحتياط أكثر من الولي. ويجوز لمجبر وهو الأب والجد في البكر توكيل معين صح تزوجه في تزويج موليته بغير إذنها وإن لم يعين المجبر الزوج في توكيله وعلى وكيل إن لم يعين الولي الزوج رعاية حظ واحتياط في أمرها فإن زوجها بغير كفء أو بكفء وقد خطبها أكفأ منه لم يصح التزويج لمخالفته الاحتياط الواجب عليه. ويجوز التوكيل لغيره أي غير المجبر بأن لم يكن أبا ولا جدا في البكر أن كانت موليته ثيبا فليوكل بعد إذن حصل منها له فيه أي التزويج إن لم تنهه عن التوكيل وإذا عينت للولي رجلا فليعينه للوكيل وإلا لم يصح تزويجه ولو لمن عينته لأن الإذن المطلق مع أن المطلوب معين فاسد. وخرج بقولي بعد إذنها للولي في التزويج ما لو وكله قبل إذنها له فيه فلا يصح التوكيل ولا النكاح. نعم: لو وكل قبل أن يعلم إذنها له ظانا جواز التوكيل قبل الإذن فزوجها الوكيل صح إن تبين أنها كانت أذنت قبل التوكيل لان العبرة في العقود بما في نفس الأمر لا بما في ظن المكلف وإلا فلا. فروع لو زوج القاضي امرأة قبل ثبوت توكيله بل بخبر عدل نفذ وصح لكنه غير جائز لأنه تعاطى عقدا فاسدا في الظاهر كما قاله بعض أصحابنا. ولو بلغت الولي امرأة إذن موليته فيه فصدقها ووكل القاضي فزوجها صح التوكيل والتزويج. ولو قالت امرأة لوليها أذنت لك في تزويجي لمن أراد تزويجي الآن وبعد طلاقي وانقضاء عدتي
Hakim menunjuk wakil menikahkan perempuan tanpa wali	صح تزويجه بهذا الإذن ثانيا فلو وكل الولي أجنبيا بهذه الصفة صح تزويجه ثانيا أيضا لأنه وإن لم يملكه حال الإذن لكنه تابع لما ملكه حال الإذن كما أفتى به الطيب الناشري وأقره بعض أصحابنا. ولو أمر القاضي رجلا بتزويج من لا ولي لها قبل استئذانها فيه فزوجها بإذنها جاز بناء على الأصح إن استنابته في شغل معين استخلاف لا توكيل. ولزوج توكيل في قبوله. فرع لو استخلف القاضي فقيها في تزويج امرأة لم يكف استخلاف لا توكيل الكتاب فقط بل يشترط اللفظ عليه منه وليس للمكتوب إليه الاعتماد على الخط هذا ما في أصل الروضة وتضعيف البلقيني له مردود بتصريحهم بأن الكتابة وحدها لا تفيد في الاستخلاف بل لا بد من إشهاد شاهدين على ذلك: قاله شيخنا في شرحه الكبير. ويجوز لزوج توكيل في قبوله أي النكاح فيقول وكيل الولي للزوج زوجتك فلانة بنت فلان ابن فلان ثم يقول موكلي أو وكالة عنه إن جهل الزوج أو الشاهدان وكالته وإلا لم يشترط ذلك وإن حصل العلم بأخبار الوكيل ويقول الولي لوكيل الزوج زوجت بنتي لفلان بن فلان فيقول وكيله كما يقول ولي الصبي حين يقبل النكاح له قبلت نكاحها له فإن ترك لفظة له فيهما لم يصح النكاح وإن نوى الموكل أو الطفل كما لو قال زوجتك بدل فلان لعدم التوافق فإن ترك لفظة له في هذه انعقد للوكيل وإن نوى موكله. فروع من قال أنا وكيل في تزويج فلانة فلمن صدقه قبول النكاح منه. ويجوز لمن أخبره عدل بطلاق فلان أو موته أو توكيله أن يعمل به بالنسبة لما يتعلق بنفسه وكذا خطه الموثوق به وأما بالنسبة لحق الغير فرع: يزوج عتيقة امرأة حية وليها بإذن عتيقة وأمة بالغة وليها بإذنها وحدها وأمة صغيرة بكر أو صغير أب لغبطة لا يزوج عبدهما, أو لما يتعلق بالحاكم فلا يجوز اعتماد عدل ولا خط قاض من كل ما ليس بحجة شرعية. فرع [في بيان تزويج العتيقة والأمة] : يزوج عتيقة	إذنها وعلى وكيل رعاية حظ ولغيره بعد إذن له فيه, بخلاف ما إذا عرف مطلق الزوجية من غير تعيين بما ذكر فاكتفي بإخبارها بالخلو عن الموانع لقول الأصحاب: إن العبرة في العقود بقول أربابها. وأما الولي الخاص فيزوجها إن صدقها وإن عرف زوجها الأول من غير إثبات طلاق ولا يمين لكن يسن له كقاض لم يعرف زوجها طلبت إثبات ذلك ولا فرق بين القاضي والولي حيث فصل بين المعين وغيره في ذلك دون هذا لان القاضي يجب عليه الاحتياط أكثر من الولي. ويجوز لمجبر وهو الأب والجد في البكر توكيل معين صح تزوجه في تزويج موليته بغير إذنها وإن لم يعين المجبر الزوج في توكيله وعلى وكيل إن لم يعين الولي الزوج رعاية حظ واحتياط في أمرها فإن زوجها بغير كفء أو بكفء وقد خطبها أكفأ منه لم يصح التزويج لمخالفته الاحتياط الواجب عليه. ويجوز التوكيل لغيره أي غير المجبر بأن لم يكن أبا ولا جدا في البكر أن كانت موليته ثيبا فليوكل بعد إذن حصل منها له فيه أي التزويج إن لم تنهه عن التوكيل وإذا عينت للولي رجلا فليعينه للوكيل وإلا لم يصح تزويجه ولو لمن عينته لأن الإذن المطلق مع أن المطلوب معين فاسد. وخرج بقولي بعد إذنها للولي في التزويج ما لو وكله قبل إذنها له فيه فلا يصح التوكيل ولا النكاح. نعم: لو وكل قبل أن يعلم إذنها له ظانا جواز التوكيل قبل الإذن فزوجها الوكيل صح إن تبين أنها كانت أذنت قبل التوكيل لان العبرة في العقود بما في نفس الأمر لا بما في ظن المكلف وإلا فلا. فروع لو زوج القاضي امرأة قبل ثبوت توكيله بل بخبر عدل نفذ وصح لكنه غير جائز لأنه تعاطى عقدا فاسدا في الظاهر كما قاله بعض أصحابنا. ولو بلغت الولي امرأة إذن موليته فيه فصدقها ووكل القاضي فزوجها صح التوكيل والتزويج. ولو قالت امرأة لوليها أذنت لك في تزويجي لمن أراد تزويجي الآن وبعد طلاقي وانقضاء عدتي
Pernikahan budak dalam hukum Islam	امرأة حية عدم ولي عتيقتها نسبا وليها أي المعتقة تبعا لولايته عليها فيزوجها أبو المعتقة ثم جدها بترتيب الأولياء ولا يزوجها ابن المعتقة ما دامت حية بإذن عتيقة ولو لم ترض المعتقة: إذ لا ولاية لها فإذا ماتت المعتقة زوجها ابنها. ويزوج أمة امرأة بالغة رشيدة وليها أي ولي السيدة بإذنها وحدها لأنها المالكة لها فلا يعتبر إذن الأمة لان لسيدتها إجبارها على النكاح. ويشترط أن يكون إذن السيدة نطقا وإن كانت بكرا. ويزوج أمة صغيرة بكر أو صغير أب فأبوه لغبطة وجدت كتحصيل مهر أو نفقة. لا يزوج عبدهما لانقطاع كسبه عنهما خلافا لمالك إن ظهرت مصلحة ولا أمة ثيب صغيرة لأنه لا يلي نكاح مالكتها ولا يجوز للقاضي أن يزوج أمة الغائب وإن احتاجت إلى النكاح وتضررت بعدم وسيد أمته ولو صغيرة ولا ينكح عبد إلا بإذن سيده. النفقة نعم: إن رأى القاضي بيعها لان الحظ فيه للغائب من الإنفاق عليها باعها. ويزوج سيد بالملك ولو فاسقا أمته المملوكة كلها له لا المشتركة ولو باغتنام بينه وبين جماعة أخرى بغير رضا جميعهم ولو بكرا صغيرة أو ثيبا غير بالغة أو كبيرة بلا إذن منها لان النكاح يرد على منافع البضع وهي مملوكة له وله إجبارها عليه لكن لا يزوجها لغير كفء بعيب مثبت للخيار أو فسق أو حرفة دنيئة إلا برضاها وله تزويجها برقيق ودنيء نسب لعدم النسب لها. وللمكاتب لا لسيده تزويج أمته إن أذن له سيده فيه ولو طلبت الأمة تزويجها لم يلزم السيد لأنه ينقص قيمتها. قال شيخنا: يزوج الحاكم أمة كافر أسلمت بإذنه والموقوفة بإذن الموقوف عليهم أي إن انحصروا وإلا لم تزوج فيما يظهر. ولا ينكح عبد ولو مكاتبا إلا بإذن سيده ولو كان السيد أنثى سواء أطلق الإذن أم قيد بامرأة معينة أو قبيلة فينكح بحسب إذنه ولا يعدل عما أذن له فيه مراعاة لحقه فإن عدل عنه لم يصح النكاح ولو نكح العبد بلا إذن سيده بطل النكاح ويفرق بينهما خلافا	صح تزويجه بهذا الإذن ثانيا فلو وكل الولي أجنبيا بهذه الصفة صح تزويجه ثانيا أيضا لأنه وإن لم يملكه حال الإذن لكنه تابع لما ملكه حال الإذن كما أفتى به الطيب الناشري وأقره بعض أصحابنا. ولو أمر القاضي رجلا بتزويج من لا ولي لها قبل استئذانها فيه فزوجها بإذنها جاز بناء على الأصح إن استنابته في شغل معين استخلاف لا توكيل. ولزوج توكيل في قبوله. فرع لو استخلف القاضي فقيها في تزويج امرأة لم يكف استخلاف لا توكيل الكتاب فقط بل يشترط اللفظ عليه منه وليس للمكتوب إليه الاعتماد على الخط هذا ما في أصل الروضة وتضعيف البلقيني له مردود بتصريحهم بأن الكتابة وحدها لا تفيد في الاستخلاف بل لا بد من إشهاد شاهدين على ذلك: قاله شيخنا في شرحه الكبير. ويجوز لزوج توكيل في قبوله أي النكاح فيقول وكيل الولي للزوج زوجتك فلانة بنت فلان ابن فلان ثم يقول موكلي أو وكالة عنه إن جهل الزوج أو الشاهدان وكالته وإلا لم يشترط ذلك وإن حصل العلم بأخبار الوكيل ويقول الولي لوكيل الزوج زوجت بنتي لفلان بن فلان فيقول وكيله كما يقول ولي الصبي حين يقبل النكاح له قبلت نكاحها له فإن ترك لفظة له فيهما لم يصح النكاح وإن نوى الموكل أو الطفل كما لو قال زوجتك بدل فلان لعدم التوافق فإن ترك لفظة له في هذه انعقد للوكيل وإن نوى موكله. فروع من قال أنا وكيل في تزويج فلانة فلمن صدقه قبول النكاح منه. ويجوز لمن أخبره عدل بطلاق فلان أو موته أو توكيله أن يعمل به بالنسبة لما يتعلق بنفسه وكذا خطه الموثوق به وأما بالنسبة لحق الغير فرع: يزوج عتيقة امرأة حية وليها بإذن عتيقة وأمة بالغة وليها بإذنها وحدها وأمة صغيرة بكر أو صغير أب لغبطة لا يزوج عبدهما, أو لما يتعلق بالحاكم فلا يجوز اعتماد عدل ولا خط قاض من كل ما ليس بحجة شرعية. فرع [في بيان تزويج العتيقة والأمة] : يزوج عتيقة
Siapa wali wanita merdeka bekas budak	امرأة حية عدم ولي عتيقتها نسبا وليها أي المعتقة تبعا لولايته عليها فيزوجها أبو المعتقة ثم جدها بترتيب الأولياء ولا يزوجها ابن المعتقة ما دامت حية بإذن عتيقة ولو لم ترض المعتقة: إذ لا ولاية لها فإذا ماتت المعتقة زوجها ابنها. ويزوج أمة امرأة بالغة رشيدة وليها أي ولي السيدة بإذنها وحدها لأنها المالكة لها فلا يعتبر إذن الأمة لان لسيدتها إجبارها على النكاح. ويشترط أن يكون إذن السيدة نطقا وإن كانت بكرا. ويزوج أمة صغيرة بكر أو صغير أب فأبوه لغبطة وجدت كتحصيل مهر أو نفقة. لا يزوج عبدهما لانقطاع كسبه عنهما خلافا لمالك إن ظهرت مصلحة ولا أمة ثيب صغيرة لأنه لا يلي نكاح مالكتها ولا يجوز للقاضي أن يزوج أمة الغائب وإن احتاجت إلى النكاح وتضررت بعدم وسيد أمته ولو صغيرة ولا ينكح عبد إلا بإذن سيده. النفقة نعم: إن رأى القاضي بيعها لان الحظ فيه للغائب من الإنفاق عليها باعها. ويزوج سيد بالملك ولو فاسقا أمته المملوكة كلها له لا المشتركة ولو باغتنام بينه وبين جماعة أخرى بغير رضا جميعهم ولو بكرا صغيرة أو ثيبا غير بالغة أو كبيرة بلا إذن منها لان النكاح يرد على منافع البضع وهي مملوكة له وله إجبارها عليه لكن لا يزوجها لغير كفء بعيب مثبت للخيار أو فسق أو حرفة دنيئة إلا برضاها وله تزويجها برقيق ودنيء نسب لعدم النسب لها. وللمكاتب لا لسيده تزويج أمته إن أذن له سيده فيه ولو طلبت الأمة تزويجها لم يلزم السيد لأنه ينقص قيمتها. قال شيخنا: يزوج الحاكم أمة كافر أسلمت بإذنه والموقوفة بإذن الموقوف عليهم أي إن انحصروا وإلا لم تزوج فيما يظهر. ولا ينكح عبد ولو مكاتبا إلا بإذن سيده ولو كان السيد أنثى سواء أطلق الإذن أم قيد بامرأة معينة أو قبيلة فينكح بحسب إذنه ولا يعدل عما أذن له فيه مراعاة لحقه فإن عدل عنه لم يصح النكاح ولو نكح العبد بلا إذن سيده بطل النكاح ويفرق بينهما خلافا	صح تزويجه بهذا الإذن ثانيا فلو وكل الولي أجنبيا بهذه الصفة صح تزويجه ثانيا أيضا لأنه وإن لم يملكه حال الإذن لكنه تابع لما ملكه حال الإذن كما أفتى به الطيب الناشري وأقره بعض أصحابنا. ولو أمر القاضي رجلا بتزويج من لا ولي لها قبل استئذانها فيه فزوجها بإذنها جاز بناء على الأصح إن استنابته في شغل معين استخلاف لا توكيل. ولزوج توكيل في قبوله. فرع لو استخلف القاضي فقيها في تزويج امرأة لم يكف استخلاف لا توكيل الكتاب فقط بل يشترط اللفظ عليه منه وليس للمكتوب إليه الاعتماد على الخط هذا ما في أصل الروضة وتضعيف البلقيني له مردود بتصريحهم بأن الكتابة وحدها لا تفيد في الاستخلاف بل لا بد من إشهاد شاهدين على ذلك: قاله شيخنا في شرحه الكبير. ويجوز لزوج توكيل في قبوله أي النكاح فيقول وكيل الولي للزوج زوجتك فلانة بنت فلان ابن فلان ثم يقول موكلي أو وكالة عنه إن جهل الزوج أو الشاهدان وكالته وإلا لم يشترط ذلك وإن حصل العلم بأخبار الوكيل ويقول الولي لوكيل الزوج زوجت بنتي لفلان بن فلان فيقول وكيله كما يقول ولي الصبي حين يقبل النكاح له قبلت نكاحها له فإن ترك لفظة له فيهما لم يصح النكاح وإن نوى الموكل أو الطفل كما لو قال زوجتك بدل فلان لعدم التوافق فإن ترك لفظة له في هذه انعقد للوكيل وإن نوى موكله. فروع من قال أنا وكيل في تزويج فلانة فلمن صدقه قبول النكاح منه. ويجوز لمن أخبره عدل بطلاق فلان أو موته أو توكيله أن يعمل به بالنسبة لما يتعلق بنفسه وكذا خطه الموثوق به وأما بالنسبة لحق الغير فرع: يزوج عتيقة امرأة حية وليها بإذن عتيقة وأمة بالغة وليها بإذنها وحدها وأمة صغيرة بكر أو صغير أب لغبطة لا يزوج عبدهما, أو لما يتعلق بالحاكم فلا يجوز اعتماد عدل ولا خط قاض من كل ما ليس بحجة شرعية. فرع [في بيان تزويج العتيقة والأمة] : يزوج عتيقة
Aturan menikahkan budak wanita oleh tuannya	امرأة حية عدم ولي عتيقتها نسبا وليها أي المعتقة تبعا لولايته عليها فيزوجها أبو المعتقة ثم جدها بترتيب الأولياء ولا يزوجها ابن المعتقة ما دامت حية بإذن عتيقة ولو لم ترض المعتقة: إذ لا ولاية لها فإذا ماتت المعتقة زوجها ابنها. ويزوج أمة امرأة بالغة رشيدة وليها أي ولي السيدة بإذنها وحدها لأنها المالكة لها فلا يعتبر إذن الأمة لان لسيدتها إجبارها على النكاح. ويشترط أن يكون إذن السيدة نطقا وإن كانت بكرا. ويزوج أمة صغيرة بكر أو صغير أب فأبوه لغبطة وجدت كتحصيل مهر أو نفقة. لا يزوج عبدهما لانقطاع كسبه عنهما خلافا لمالك إن ظهرت مصلحة ولا أمة ثيب صغيرة لأنه لا يلي نكاح مالكتها ولا يجوز للقاضي أن يزوج أمة الغائب وإن احتاجت إلى النكاح وتضررت بعدم وسيد أمته ولو صغيرة ولا ينكح عبد إلا بإذن سيده. النفقة نعم: إن رأى القاضي بيعها لان الحظ فيه للغائب من الإنفاق عليها باعها. ويزوج سيد بالملك ولو فاسقا أمته المملوكة كلها له لا المشتركة ولو باغتنام بينه وبين جماعة أخرى بغير رضا جميعهم ولو بكرا صغيرة أو ثيبا غير بالغة أو كبيرة بلا إذن منها لان النكاح يرد على منافع البضع وهي مملوكة له وله إجبارها عليه لكن لا يزوجها لغير كفء بعيب مثبت للخيار أو فسق أو حرفة دنيئة إلا برضاها وله تزويجها برقيق ودنيء نسب لعدم النسب لها. وللمكاتب لا لسيده تزويج أمته إن أذن له سيده فيه ولو طلبت الأمة تزويجها لم يلزم السيد لأنه ينقص قيمتها. قال شيخنا: يزوج الحاكم أمة كافر أسلمت بإذنه والموقوفة بإذن الموقوف عليهم أي إن انحصروا وإلا لم تزوج فيما يظهر. ولا ينكح عبد ولو مكاتبا إلا بإذن سيده ولو كان السيد أنثى سواء أطلق الإذن أم قيد بامرأة معينة أو قبيلة فينكح بحسب إذنه ولا يعدل عما أذن له فيه مراعاة لحقه فإن عدل عنه لم يصح النكاح ولو نكح العبد بلا إذن سيده بطل النكاح ويفرق بينهما خلافا	صح تزويجه بهذا الإذن ثانيا فلو وكل الولي أجنبيا بهذه الصفة صح تزويجه ثانيا أيضا لأنه وإن لم يملكه حال الإذن لكنه تابع لما ملكه حال الإذن كما أفتى به الطيب الناشري وأقره بعض أصحابنا. ولو أمر القاضي رجلا بتزويج من لا ولي لها قبل استئذانها فيه فزوجها بإذنها جاز بناء على الأصح إن استنابته في شغل معين استخلاف لا توكيل. ولزوج توكيل في قبوله. فرع لو استخلف القاضي فقيها في تزويج امرأة لم يكف استخلاف لا توكيل الكتاب فقط بل يشترط اللفظ عليه منه وليس للمكتوب إليه الاعتماد على الخط هذا ما في أصل الروضة وتضعيف البلقيني له مردود بتصريحهم بأن الكتابة وحدها لا تفيد في الاستخلاف بل لا بد من إشهاد شاهدين على ذلك: قاله شيخنا في شرحه الكبير. ويجوز لزوج توكيل في قبوله أي النكاح فيقول وكيل الولي للزوج زوجتك فلانة بنت فلان ابن فلان ثم يقول موكلي أو وكالة عنه إن جهل الزوج أو الشاهدان وكالته وإلا لم يشترط ذلك وإن حصل العلم بأخبار الوكيل ويقول الولي لوكيل الزوج زوجت بنتي لفلان بن فلان فيقول وكيله كما يقول ولي الصبي حين يقبل النكاح له قبلت نكاحها له فإن ترك لفظة له فيهما لم يصح النكاح وإن نوى الموكل أو الطفل كما لو قال زوجتك بدل فلان لعدم التوافق فإن ترك لفظة له في هذه انعقد للوكيل وإن نوى موكله. فروع من قال أنا وكيل في تزويج فلانة فلمن صدقه قبول النكاح منه. ويجوز لمن أخبره عدل بطلاق فلان أو موته أو توكيله أن يعمل به بالنسبة لما يتعلق بنفسه وكذا خطه الموثوق به وأما بالنسبة لحق الغير فرع: يزوج عتيقة امرأة حية وليها بإذن عتيقة وأمة بالغة وليها بإذنها وحدها وأمة صغيرة بكر أو صغير أب لغبطة لا يزوج عبدهما, أو لما يتعلق بالحاكم فلا يجوز اعتماد عدل ولا خط قاض من كل ما ليس بحجة شرعية. فرع [في بيان تزويج العتيقة والأمة] : يزوج عتيقة
Bolehkah budak menikah tanpa izin majikan	امرأة حية عدم ولي عتيقتها نسبا وليها أي المعتقة تبعا لولايته عليها فيزوجها أبو المعتقة ثم جدها بترتيب الأولياء ولا يزوجها ابن المعتقة ما دامت حية بإذن عتيقة ولو لم ترض المعتقة: إذ لا ولاية لها فإذا ماتت المعتقة زوجها ابنها. ويزوج أمة امرأة بالغة رشيدة وليها أي ولي السيدة بإذنها وحدها لأنها المالكة لها فلا يعتبر إذن الأمة لان لسيدتها إجبارها على النكاح. ويشترط أن يكون إذن السيدة نطقا وإن كانت بكرا. ويزوج أمة صغيرة بكر أو صغير أب فأبوه لغبطة وجدت كتحصيل مهر أو نفقة. لا يزوج عبدهما لانقطاع كسبه عنهما خلافا لمالك إن ظهرت مصلحة ولا أمة ثيب صغيرة لأنه لا يلي نكاح مالكتها ولا يجوز للقاضي أن يزوج أمة الغائب وإن احتاجت إلى النكاح وتضررت بعدم وسيد أمته ولو صغيرة ولا ينكح عبد إلا بإذن سيده. النفقة نعم: إن رأى القاضي بيعها لان الحظ فيه للغائب من الإنفاق عليها باعها. ويزوج سيد بالملك ولو فاسقا أمته المملوكة كلها له لا المشتركة ولو باغتنام بينه وبين جماعة أخرى بغير رضا جميعهم ولو بكرا صغيرة أو ثيبا غير بالغة أو كبيرة بلا إذن منها لان النكاح يرد على منافع البضع وهي مملوكة له وله إجبارها عليه لكن لا يزوجها لغير كفء بعيب مثبت للخيار أو فسق أو حرفة دنيئة إلا برضاها وله تزويجها برقيق ودنيء نسب لعدم النسب لها. وللمكاتب لا لسيده تزويج أمته إن أذن له سيده فيه ولو طلبت الأمة تزويجها لم يلزم السيد لأنه ينقص قيمتها. قال شيخنا: يزوج الحاكم أمة كافر أسلمت بإذنه والموقوفة بإذن الموقوف عليهم أي إن انحصروا وإلا لم تزوج فيما يظهر. ولا ينكح عبد ولو مكاتبا إلا بإذن سيده ولو كان السيد أنثى سواء أطلق الإذن أم قيد بامرأة معينة أو قبيلة فينكح بحسب إذنه ولا يعدل عما أذن له فيه مراعاة لحقه فإن عدل عنه لم يصح النكاح ولو نكح العبد بلا إذن سيده بطل النكاح ويفرق بينهما خلافا	صح تزويجه بهذا الإذن ثانيا فلو وكل الولي أجنبيا بهذه الصفة صح تزويجه ثانيا أيضا لأنه وإن لم يملكه حال الإذن لكنه تابع لما ملكه حال الإذن كما أفتى به الطيب الناشري وأقره بعض أصحابنا. ولو أمر القاضي رجلا بتزويج من لا ولي لها قبل استئذانها فيه فزوجها بإذنها جاز بناء على الأصح إن استنابته في شغل معين استخلاف لا توكيل. ولزوج توكيل في قبوله. فرع لو استخلف القاضي فقيها في تزويج امرأة لم يكف استخلاف لا توكيل الكتاب فقط بل يشترط اللفظ عليه منه وليس للمكتوب إليه الاعتماد على الخط هذا ما في أصل الروضة وتضعيف البلقيني له مردود بتصريحهم بأن الكتابة وحدها لا تفيد في الاستخلاف بل لا بد من إشهاد شاهدين على ذلك: قاله شيخنا في شرحه الكبير. ويجوز لزوج توكيل في قبوله أي النكاح فيقول وكيل الولي للزوج زوجتك فلانة بنت فلان ابن فلان ثم يقول موكلي أو وكالة عنه إن جهل الزوج أو الشاهدان وكالته وإلا لم يشترط ذلك وإن حصل العلم بأخبار الوكيل ويقول الولي لوكيل الزوج زوجت بنتي لفلان بن فلان فيقول وكيله كما يقول ولي الصبي حين يقبل النكاح له قبلت نكاحها له فإن ترك لفظة له فيهما لم يصح النكاح وإن نوى الموكل أو الطفل كما لو قال زوجتك بدل فلان لعدم التوافق فإن ترك لفظة له في هذه انعقد للوكيل وإن نوى موكله. فروع من قال أنا وكيل في تزويج فلانة فلمن صدقه قبول النكاح منه. ويجوز لمن أخبره عدل بطلاق فلان أو موته أو توكيله أن يعمل به بالنسبة لما يتعلق بنفسه وكذا خطه الموثوق به وأما بالنسبة لحق الغير فرع: يزوج عتيقة امرأة حية وليها بإذن عتيقة وأمة بالغة وليها بإذنها وحدها وأمة صغيرة بكر أو صغير أب لغبطة لا يزوج عبدهما, أو لما يتعلق بالحاكم فلا يجوز اعتماد عدل ولا خط قاض من كل ما ليس بحجة شرعية. فرع [في بيان تزويج العتيقة والأمة] : يزوج عتيقة
Hukum menikahkan budak saat pemilik tidak ada	امرأة حية عدم ولي عتيقتها نسبا وليها أي المعتقة تبعا لولايته عليها فيزوجها أبو المعتقة ثم جدها بترتيب الأولياء ولا يزوجها ابن المعتقة ما دامت حية بإذن عتيقة ولو لم ترض المعتقة: إذ لا ولاية لها فإذا ماتت المعتقة زوجها ابنها. ويزوج أمة امرأة بالغة رشيدة وليها أي ولي السيدة بإذنها وحدها لأنها المالكة لها فلا يعتبر إذن الأمة لان لسيدتها إجبارها على النكاح. ويشترط أن يكون إذن السيدة نطقا وإن كانت بكرا. ويزوج أمة صغيرة بكر أو صغير أب فأبوه لغبطة وجدت كتحصيل مهر أو نفقة. لا يزوج عبدهما لانقطاع كسبه عنهما خلافا لمالك إن ظهرت مصلحة ولا أمة ثيب صغيرة لأنه لا يلي نكاح مالكتها ولا يجوز للقاضي أن يزوج أمة الغائب وإن احتاجت إلى النكاح وتضررت بعدم وسيد أمته ولو صغيرة ولا ينكح عبد إلا بإذن سيده. النفقة نعم: إن رأى القاضي بيعها لان الحظ فيه للغائب من الإنفاق عليها باعها. ويزوج سيد بالملك ولو فاسقا أمته المملوكة كلها له لا المشتركة ولو باغتنام بينه وبين جماعة أخرى بغير رضا جميعهم ولو بكرا صغيرة أو ثيبا غير بالغة أو كبيرة بلا إذن منها لان النكاح يرد على منافع البضع وهي مملوكة له وله إجبارها عليه لكن لا يزوجها لغير كفء بعيب مثبت للخيار أو فسق أو حرفة دنيئة إلا برضاها وله تزويجها برقيق ودنيء نسب لعدم النسب لها. وللمكاتب لا لسيده تزويج أمته إن أذن له سيده فيه ولو طلبت الأمة تزويجها لم يلزم السيد لأنه ينقص قيمتها. قال شيخنا: يزوج الحاكم أمة كافر أسلمت بإذنه والموقوفة بإذن الموقوف عليهم أي إن انحصروا وإلا لم تزوج فيما يظهر. ولا ينكح عبد ولو مكاتبا إلا بإذن سيده ولو كان السيد أنثى سواء أطلق الإذن أم قيد بامرأة معينة أو قبيلة فينكح بحسب إذنه ولا يعدل عما أذن له فيه مراعاة لحقه فإن عدل عنه لم يصح النكاح ولو نكح العبد بلا إذن سيده بطل النكاح ويفرق بينهما خلافا	صح تزويجه بهذا الإذن ثانيا فلو وكل الولي أجنبيا بهذه الصفة صح تزويجه ثانيا أيضا لأنه وإن لم يملكه حال الإذن لكنه تابع لما ملكه حال الإذن كما أفتى به الطيب الناشري وأقره بعض أصحابنا. ولو أمر القاضي رجلا بتزويج من لا ولي لها قبل استئذانها فيه فزوجها بإذنها جاز بناء على الأصح إن استنابته في شغل معين استخلاف لا توكيل. ولزوج توكيل في قبوله. فرع لو استخلف القاضي فقيها في تزويج امرأة لم يكف استخلاف لا توكيل الكتاب فقط بل يشترط اللفظ عليه منه وليس للمكتوب إليه الاعتماد على الخط هذا ما في أصل الروضة وتضعيف البلقيني له مردود بتصريحهم بأن الكتابة وحدها لا تفيد في الاستخلاف بل لا بد من إشهاد شاهدين على ذلك: قاله شيخنا في شرحه الكبير. ويجوز لزوج توكيل في قبوله أي النكاح فيقول وكيل الولي للزوج زوجتك فلانة بنت فلان ابن فلان ثم يقول موكلي أو وكالة عنه إن جهل الزوج أو الشاهدان وكالته وإلا لم يشترط ذلك وإن حصل العلم بأخبار الوكيل ويقول الولي لوكيل الزوج زوجت بنتي لفلان بن فلان فيقول وكيله كما يقول ولي الصبي حين يقبل النكاح له قبلت نكاحها له فإن ترك لفظة له فيهما لم يصح النكاح وإن نوى الموكل أو الطفل كما لو قال زوجتك بدل فلان لعدم التوافق فإن ترك لفظة له في هذه انعقد للوكيل وإن نوى موكله. فروع من قال أنا وكيل في تزويج فلانة فلمن صدقه قبول النكاح منه. ويجوز لمن أخبره عدل بطلاق فلان أو موته أو توكيله أن يعمل به بالنسبة لما يتعلق بنفسه وكذا خطه الموثوق به وأما بالنسبة لحق الغير فرع: يزوج عتيقة امرأة حية وليها بإذن عتيقة وأمة بالغة وليها بإذنها وحدها وأمة صغيرة بكر أو صغير أب لغبطة لا يزوج عبدهما, أو لما يتعلق بالحاكم فلا يجوز اعتماد عدل ولا خط قاض من كل ما ليس بحجة شرعية. فرع [في بيان تزويج العتيقة والأمة] : يزوج عتيقة
Hukum pernikahan budak	لمالك فإن وطئ فلا شيء عليه لرشيدة مختارة أما السفيهة والصغيرة فيلزم فيهما مهر المثل. ولا يجوز للعبد ولو مأذونا في التجارة أو مكاتبا أن يتسرى وإن جاز له النكاح بالإذن لان المأذون له لا يملك ولضعف الملك في المكاتب. ولو طلب العبد النكاح لا يجب على السيد إجابته ولو مكاتبا. ولا يصدق مدعي عتق من عبد أو أمة إلا بالبينة المعتبرة الآتي بيانها في باب الشهادة. وصدق مدعي حرية أصالة بيمين ما لم يسبق إقرار برق أو لم يثبت لان الأصل الحرية. فصل في الكفاءة لا يكافئ حرة ولا عفيفة ونسيبة فصل في الكفاءة وهي معتبرة في النكاح لا لصحته بل لأنها حق للمرأة والولي فلهما إسقاطها. لا يكافئ حرة أصلية أو عتيقة ولا من لم يمسها الرق أو آباءها أو الأقرب إليها منهم غيرها بأن لا يكون مثلها في ذلك ولا أثر لمس الرق في الأمهات. ولا عفيفة وسنية وغيرهما من فاسق ومبتدع فالفاسق كفء للفاسقة: أي إن استوى فسقهما. ولا نسيبة من عربية وقرشية وهاشمية أو مطلبية غيرها يعني لا يكافئ عربية أبا غيرها من العجم وإن كانت أمة عربية ولا قرشية وسليمة من حرف دنيئة ومن عيب نكاح كجنون وجذام غيرها من بقية العرب ولا هاشمية أو مطلبية غيرهما من بقية قريش. وصح: نحن وبنو المطلب شيء واحد [البخاري رقم: , أبو داود رقم: , النسائي رقم: , , ابن ماجه رقم: ] فهما متكافئان. ولا يكافئ من أسلم بنفسه من لها أب أو أكثر في الإسلام ومن له أبوان لمن لها ثلاثة آباء فيه على ما صرحوا به لكن حكى القاضي أبو الطيب وغيره فيه وجها أنهما كفأن واختاره الروياني وجزم به صاحب العباب. ولا سليمة من حرف دنيئة وهي ما دلت ملابسته على انحطاط المروءة غيرها فلا يكافئ من هو أو أبوه حجام أو كناس أو راع بنت خياط ولا هو بنت تاجر وهو من يجلب البضائع من غير تقييد بجنس أو بزاز وهو	بائع البز ولا هما بنت عالم أو قاض عادل. قال الروياني: وصوبه الأذرعي ولا يكافئ عالمة جاهل خلافا للروضة. والأصح أن اليسار لا يعتبر في الكفاءة لان المال ظل زائل ولا يفتخر أهل المروءات والبصائر. ولا سليمة حال العقد من عيب مثبت لخيار نكاح لجاهل به حالته كجنون ولو متقطعا وإن قل وهو مرض يزول به الشعور من القلب وجذام مستحكم وهي علة يحمر منها العضو ثم يسود ثم وبرص غير, يتقطع وبرص مستحكم وهو بياض شديد يذهب دموية الجلد وإن قلا. وعلامة الاستحكام في الأول اسوداد العضو وفي الثاني عدم احمراره عند عصره. غير ممن به عيب لان النفس تعاف صحبة من به ذلك. ولو كان بها عيب أيضا فلا كفاءة وإن اتفقا أو كان ما بها أقبح. أما العيوب التي لا تثبت الخيار فلا تؤثر كالعمى وقطع الطرف وتشوه الصورة خلافا لجمع متقدمين. تتمة [في بيان العيوب التي تثبت الخيار] ومن عيوب النكاح رتق وقرن فيها وجب وعنة فيه فلكل من الزوجين الخيار فورا في فسخ النكاح بما وجد من العيوب المذكورة في الآخر بشرط أن يكون بحضور الحاكم. وليس منها استحاضة وبخر وصنان وقروح سيالة وضيق منفذ ويجوز لكل من الزوجين خيار بخلف شرط وقع في العقد لا قبله كأن شرط في أحد الزوجين حرية أو نسب أو جمال أو يسار أو بكارة أو شباب أو سلامة من عيوب كزوجتك بشرط أنها بكر أو حرة مثلا فإن بان أدنى مما شرط فله فسخ ولو بلا قاض ولو شرطت بكارة فوجدت ولا يقابل بعضها ببعض ويزوجها بغير كفء ولي لا قاض برضا كل. ثيبا وادعت ذهابها عنده فأنكر صدقت بيمينها لدفع الفسخ أو ادعت افتضاضه لها فأنكر فالقول قولها بيمينها لدفع الفسخ أيضا لكن يصدق هو بيمينه لتشطير المهر إن طلق قبل الدخول. ولا يقابل بعضها أي بعض خصال الكفاءة ببعض من تلك الخصال فلا تزوج حرة عجمية برقيق عربي ولا حرة فاسقة بعبد عفيف. قال المتولي: وليس
Kafaah profesi rendah	لمالك فإن وطئ فلا شيء عليه لرشيدة مختارة أما السفيهة والصغيرة فيلزم فيهما مهر المثل. ولا يجوز للعبد ولو مأذونا في التجارة أو مكاتبا أن يتسرى وإن جاز له النكاح بالإذن لان المأذون له لا يملك ولضعف الملك في المكاتب. ولو طلب العبد النكاح لا يجب على السيد إجابته ولو مكاتبا. ولا يصدق مدعي عتق من عبد أو أمة إلا بالبينة المعتبرة الآتي بيانها في باب الشهادة. وصدق مدعي حرية أصالة بيمين ما لم يسبق إقرار برق أو لم يثبت لان الأصل الحرية. فصل في الكفاءة لا يكافئ حرة ولا عفيفة ونسيبة فصل في الكفاءة وهي معتبرة في النكاح لا لصحته بل لأنها حق للمرأة والولي فلهما إسقاطها. لا يكافئ حرة أصلية أو عتيقة ولا من لم يمسها الرق أو آباءها أو الأقرب إليها منهم غيرها بأن لا يكون مثلها في ذلك ولا أثر لمس الرق في الأمهات. ولا عفيفة وسنية وغيرهما من فاسق ومبتدع فالفاسق كفء للفاسقة: أي إن استوى فسقهما. ولا نسيبة من عربية وقرشية وهاشمية أو مطلبية غيرها يعني لا يكافئ عربية أبا غيرها من العجم وإن كانت أمة عربية ولا قرشية وسليمة من حرف دنيئة ومن عيب نكاح كجنون وجذام غيرها من بقية العرب ولا هاشمية أو مطلبية غيرهما من بقية قريش. وصح: نحن وبنو المطلب شيء واحد [البخاري رقم: , أبو داود رقم: , النسائي رقم: , , ابن ماجه رقم: ] فهما متكافئان. ولا يكافئ من أسلم بنفسه من لها أب أو أكثر في الإسلام ومن له أبوان لمن لها ثلاثة آباء فيه على ما صرحوا به لكن حكى القاضي أبو الطيب وغيره فيه وجها أنهما كفأن واختاره الروياني وجزم به صاحب العباب. ولا سليمة من حرف دنيئة وهي ما دلت ملابسته على انحطاط المروءة غيرها فلا يكافئ من هو أو أبوه حجام أو كناس أو راع بنت خياط ولا هو بنت تاجر وهو من يجلب البضائع من غير تقييد بجنس أو بزاز وهو	بائع البز ولا هما بنت عالم أو قاض عادل. قال الروياني: وصوبه الأذرعي ولا يكافئ عالمة جاهل خلافا للروضة. والأصح أن اليسار لا يعتبر في الكفاءة لان المال ظل زائل ولا يفتخر أهل المروءات والبصائر. ولا سليمة حال العقد من عيب مثبت لخيار نكاح لجاهل به حالته كجنون ولو متقطعا وإن قل وهو مرض يزول به الشعور من القلب وجذام مستحكم وهي علة يحمر منها العضو ثم يسود ثم وبرص غير, يتقطع وبرص مستحكم وهو بياض شديد يذهب دموية الجلد وإن قلا. وعلامة الاستحكام في الأول اسوداد العضو وفي الثاني عدم احمراره عند عصره. غير ممن به عيب لان النفس تعاف صحبة من به ذلك. ولو كان بها عيب أيضا فلا كفاءة وإن اتفقا أو كان ما بها أقبح. أما العيوب التي لا تثبت الخيار فلا تؤثر كالعمى وقطع الطرف وتشوه الصورة خلافا لجمع متقدمين. تتمة [في بيان العيوب التي تثبت الخيار] ومن عيوب النكاح رتق وقرن فيها وجب وعنة فيه فلكل من الزوجين الخيار فورا في فسخ النكاح بما وجد من العيوب المذكورة في الآخر بشرط أن يكون بحضور الحاكم. وليس منها استحاضة وبخر وصنان وقروح سيالة وضيق منفذ ويجوز لكل من الزوجين خيار بخلف شرط وقع في العقد لا قبله كأن شرط في أحد الزوجين حرية أو نسب أو جمال أو يسار أو بكارة أو شباب أو سلامة من عيوب كزوجتك بشرط أنها بكر أو حرة مثلا فإن بان أدنى مما شرط فله فسخ ولو بلا قاض ولو شرطت بكارة فوجدت ولا يقابل بعضها ببعض ويزوجها بغير كفء ولي لا قاض برضا كل. ثيبا وادعت ذهابها عنده فأنكر صدقت بيمينها لدفع الفسخ أو ادعت افتضاضه لها فأنكر فالقول قولها بيمينها لدفع الفسخ أيضا لكن يصدق هو بيمينه لتشطير المهر إن طلق قبل الدخول. ولا يقابل بعضها أي بعض خصال الكفاءة ببعض من تلك الخصال فلا تزوج حرة عجمية برقيق عربي ولا حرة فاسقة بعبد عفيف. قال المتولي: وليس
Kesetaraan nasab dalam nikah	لمالك فإن وطئ فلا شيء عليه لرشيدة مختارة أما السفيهة والصغيرة فيلزم فيهما مهر المثل. ولا يجوز للعبد ولو مأذونا في التجارة أو مكاتبا أن يتسرى وإن جاز له النكاح بالإذن لان المأذون له لا يملك ولضعف الملك في المكاتب. ولو طلب العبد النكاح لا يجب على السيد إجابته ولو مكاتبا. ولا يصدق مدعي عتق من عبد أو أمة إلا بالبينة المعتبرة الآتي بيانها في باب الشهادة. وصدق مدعي حرية أصالة بيمين ما لم يسبق إقرار برق أو لم يثبت لان الأصل الحرية. فصل في الكفاءة لا يكافئ حرة ولا عفيفة ونسيبة فصل في الكفاءة وهي معتبرة في النكاح لا لصحته بل لأنها حق للمرأة والولي فلهما إسقاطها. لا يكافئ حرة أصلية أو عتيقة ولا من لم يمسها الرق أو آباءها أو الأقرب إليها منهم غيرها بأن لا يكون مثلها في ذلك ولا أثر لمس الرق في الأمهات. ولا عفيفة وسنية وغيرهما من فاسق ومبتدع فالفاسق كفء للفاسقة: أي إن استوى فسقهما. ولا نسيبة من عربية وقرشية وهاشمية أو مطلبية غيرها يعني لا يكافئ عربية أبا غيرها من العجم وإن كانت أمة عربية ولا قرشية وسليمة من حرف دنيئة ومن عيب نكاح كجنون وجذام غيرها من بقية العرب ولا هاشمية أو مطلبية غيرهما من بقية قريش. وصح: نحن وبنو المطلب شيء واحد [البخاري رقم: , أبو داود رقم: , النسائي رقم: , , ابن ماجه رقم: ] فهما متكافئان. ولا يكافئ من أسلم بنفسه من لها أب أو أكثر في الإسلام ومن له أبوان لمن لها ثلاثة آباء فيه على ما صرحوا به لكن حكى القاضي أبو الطيب وغيره فيه وجها أنهما كفأن واختاره الروياني وجزم به صاحب العباب. ولا سليمة من حرف دنيئة وهي ما دلت ملابسته على انحطاط المروءة غيرها فلا يكافئ من هو أو أبوه حجام أو كناس أو راع بنت خياط ولا هو بنت تاجر وهو من يجلب البضائع من غير تقييد بجنس أو بزاز وهو	بائع البز ولا هما بنت عالم أو قاض عادل. قال الروياني: وصوبه الأذرعي ولا يكافئ عالمة جاهل خلافا للروضة. والأصح أن اليسار لا يعتبر في الكفاءة لان المال ظل زائل ولا يفتخر أهل المروءات والبصائر. ولا سليمة حال العقد من عيب مثبت لخيار نكاح لجاهل به حالته كجنون ولو متقطعا وإن قل وهو مرض يزول به الشعور من القلب وجذام مستحكم وهي علة يحمر منها العضو ثم يسود ثم وبرص غير, يتقطع وبرص مستحكم وهو بياض شديد يذهب دموية الجلد وإن قلا. وعلامة الاستحكام في الأول اسوداد العضو وفي الثاني عدم احمراره عند عصره. غير ممن به عيب لان النفس تعاف صحبة من به ذلك. ولو كان بها عيب أيضا فلا كفاءة وإن اتفقا أو كان ما بها أقبح. أما العيوب التي لا تثبت الخيار فلا تؤثر كالعمى وقطع الطرف وتشوه الصورة خلافا لجمع متقدمين. تتمة [في بيان العيوب التي تثبت الخيار] ومن عيوب النكاح رتق وقرن فيها وجب وعنة فيه فلكل من الزوجين الخيار فورا في فسخ النكاح بما وجد من العيوب المذكورة في الآخر بشرط أن يكون بحضور الحاكم. وليس منها استحاضة وبخر وصنان وقروح سيالة وضيق منفذ ويجوز لكل من الزوجين خيار بخلف شرط وقع في العقد لا قبله كأن شرط في أحد الزوجين حرية أو نسب أو جمال أو يسار أو بكارة أو شباب أو سلامة من عيوب كزوجتك بشرط أنها بكر أو حرة مثلا فإن بان أدنى مما شرط فله فسخ ولو بلا قاض ولو شرطت بكارة فوجدت ولا يقابل بعضها ببعض ويزوجها بغير كفء ولي لا قاض برضا كل. ثيبا وادعت ذهابها عنده فأنكر صدقت بيمينها لدفع الفسخ أو ادعت افتضاضه لها فأنكر فالقول قولها بيمينها لدفع الفسخ أيضا لكن يصدق هو بيمينه لتشطير المهر إن طلق قبل الدخول. ولا يقابل بعضها أي بعض خصال الكفاءة ببعض من تلك الخصال فلا تزوج حرة عجمية برقيق عربي ولا حرة فاسقة بعبد عفيف. قال المتولي: وليس
Kafaah status kemerdekaan	لمالك فإن وطئ فلا شيء عليه لرشيدة مختارة أما السفيهة والصغيرة فيلزم فيهما مهر المثل. ولا يجوز للعبد ولو مأذونا في التجارة أو مكاتبا أن يتسرى وإن جاز له النكاح بالإذن لان المأذون له لا يملك ولضعف الملك في المكاتب. ولو طلب العبد النكاح لا يجب على السيد إجابته ولو مكاتبا. ولا يصدق مدعي عتق من عبد أو أمة إلا بالبينة المعتبرة الآتي بيانها في باب الشهادة. وصدق مدعي حرية أصالة بيمين ما لم يسبق إقرار برق أو لم يثبت لان الأصل الحرية. فصل في الكفاءة لا يكافئ حرة ولا عفيفة ونسيبة فصل في الكفاءة وهي معتبرة في النكاح لا لصحته بل لأنها حق للمرأة والولي فلهما إسقاطها. لا يكافئ حرة أصلية أو عتيقة ولا من لم يمسها الرق أو آباءها أو الأقرب إليها منهم غيرها بأن لا يكون مثلها في ذلك ولا أثر لمس الرق في الأمهات. ولا عفيفة وسنية وغيرهما من فاسق ومبتدع فالفاسق كفء للفاسقة: أي إن استوى فسقهما. ولا نسيبة من عربية وقرشية وهاشمية أو مطلبية غيرها يعني لا يكافئ عربية أبا غيرها من العجم وإن كانت أمة عربية ولا قرشية وسليمة من حرف دنيئة ومن عيب نكاح كجنون وجذام غيرها من بقية العرب ولا هاشمية أو مطلبية غيرهما من بقية قريش. وصح: نحن وبنو المطلب شيء واحد [البخاري رقم: , أبو داود رقم: , النسائي رقم: , , ابن ماجه رقم: ] فهما متكافئان. ولا يكافئ من أسلم بنفسه من لها أب أو أكثر في الإسلام ومن له أبوان لمن لها ثلاثة آباء فيه على ما صرحوا به لكن حكى القاضي أبو الطيب وغيره فيه وجها أنهما كفأن واختاره الروياني وجزم به صاحب العباب. ولا سليمة من حرف دنيئة وهي ما دلت ملابسته على انحطاط المروءة غيرها فلا يكافئ من هو أو أبوه حجام أو كناس أو راع بنت خياط ولا هو بنت تاجر وهو من يجلب البضائع من غير تقييد بجنس أو بزاز وهو	بائع البز ولا هما بنت عالم أو قاض عادل. قال الروياني: وصوبه الأذرعي ولا يكافئ عالمة جاهل خلافا للروضة. والأصح أن اليسار لا يعتبر في الكفاءة لان المال ظل زائل ولا يفتخر أهل المروءات والبصائر. ولا سليمة حال العقد من عيب مثبت لخيار نكاح لجاهل به حالته كجنون ولو متقطعا وإن قل وهو مرض يزول به الشعور من القلب وجذام مستحكم وهي علة يحمر منها العضو ثم يسود ثم وبرص غير, يتقطع وبرص مستحكم وهو بياض شديد يذهب دموية الجلد وإن قلا. وعلامة الاستحكام في الأول اسوداد العضو وفي الثاني عدم احمراره عند عصره. غير ممن به عيب لان النفس تعاف صحبة من به ذلك. ولو كان بها عيب أيضا فلا كفاءة وإن اتفقا أو كان ما بها أقبح. أما العيوب التي لا تثبت الخيار فلا تؤثر كالعمى وقطع الطرف وتشوه الصورة خلافا لجمع متقدمين. تتمة [في بيان العيوب التي تثبت الخيار] ومن عيوب النكاح رتق وقرن فيها وجب وعنة فيه فلكل من الزوجين الخيار فورا في فسخ النكاح بما وجد من العيوب المذكورة في الآخر بشرط أن يكون بحضور الحاكم. وليس منها استحاضة وبخر وصنان وقروح سيالة وضيق منفذ ويجوز لكل من الزوجين خيار بخلف شرط وقع في العقد لا قبله كأن شرط في أحد الزوجين حرية أو نسب أو جمال أو يسار أو بكارة أو شباب أو سلامة من عيوب كزوجتك بشرط أنها بكر أو حرة مثلا فإن بان أدنى مما شرط فله فسخ ولو بلا قاض ولو شرطت بكارة فوجدت ولا يقابل بعضها ببعض ويزوجها بغير كفء ولي لا قاض برضا كل. ثيبا وادعت ذهابها عنده فأنكر صدقت بيمينها لدفع الفسخ أو ادعت افتضاضه لها فأنكر فالقول قولها بيمينها لدفع الفسخ أيضا لكن يصدق هو بيمينه لتشطير المهر إن طلق قبل الدخول. ولا يقابل بعضها أي بعض خصال الكفاءة ببعض من تلك الخصال فلا تزوج حرة عجمية برقيق عربي ولا حرة فاسقة بعبد عفيف. قال المتولي: وليس
Kafaah mualaf dalam pernikahan	لمالك فإن وطئ فلا شيء عليه لرشيدة مختارة أما السفيهة والصغيرة فيلزم فيهما مهر المثل. ولا يجوز للعبد ولو مأذونا في التجارة أو مكاتبا أن يتسرى وإن جاز له النكاح بالإذن لان المأذون له لا يملك ولضعف الملك في المكاتب. ولو طلب العبد النكاح لا يجب على السيد إجابته ولو مكاتبا. ولا يصدق مدعي عتق من عبد أو أمة إلا بالبينة المعتبرة الآتي بيانها في باب الشهادة. وصدق مدعي حرية أصالة بيمين ما لم يسبق إقرار برق أو لم يثبت لان الأصل الحرية. فصل في الكفاءة لا يكافئ حرة ولا عفيفة ونسيبة فصل في الكفاءة وهي معتبرة في النكاح لا لصحته بل لأنها حق للمرأة والولي فلهما إسقاطها. لا يكافئ حرة أصلية أو عتيقة ولا من لم يمسها الرق أو آباءها أو الأقرب إليها منهم غيرها بأن لا يكون مثلها في ذلك ولا أثر لمس الرق في الأمهات. ولا عفيفة وسنية وغيرهما من فاسق ومبتدع فالفاسق كفء للفاسقة: أي إن استوى فسقهما. ولا نسيبة من عربية وقرشية وهاشمية أو مطلبية غيرها يعني لا يكافئ عربية أبا غيرها من العجم وإن كانت أمة عربية ولا قرشية وسليمة من حرف دنيئة ومن عيب نكاح كجنون وجذام غيرها من بقية العرب ولا هاشمية أو مطلبية غيرهما من بقية قريش. وصح: نحن وبنو المطلب شيء واحد [البخاري رقم: , أبو داود رقم: , النسائي رقم: , , ابن ماجه رقم: ] فهما متكافئان. ولا يكافئ من أسلم بنفسه من لها أب أو أكثر في الإسلام ومن له أبوان لمن لها ثلاثة آباء فيه على ما صرحوا به لكن حكى القاضي أبو الطيب وغيره فيه وجها أنهما كفأن واختاره الروياني وجزم به صاحب العباب. ولا سليمة من حرف دنيئة وهي ما دلت ملابسته على انحطاط المروءة غيرها فلا يكافئ من هو أو أبوه حجام أو كناس أو راع بنت خياط ولا هو بنت تاجر وهو من يجلب البضائع من غير تقييد بجنس أو بزاز وهو	بائع البز ولا هما بنت عالم أو قاض عادل. قال الروياني: وصوبه الأذرعي ولا يكافئ عالمة جاهل خلافا للروضة. والأصح أن اليسار لا يعتبر في الكفاءة لان المال ظل زائل ولا يفتخر أهل المروءات والبصائر. ولا سليمة حال العقد من عيب مثبت لخيار نكاح لجاهل به حالته كجنون ولو متقطعا وإن قل وهو مرض يزول به الشعور من القلب وجذام مستحكم وهي علة يحمر منها العضو ثم يسود ثم وبرص غير, يتقطع وبرص مستحكم وهو بياض شديد يذهب دموية الجلد وإن قلا. وعلامة الاستحكام في الأول اسوداد العضو وفي الثاني عدم احمراره عند عصره. غير ممن به عيب لان النفس تعاف صحبة من به ذلك. ولو كان بها عيب أيضا فلا كفاءة وإن اتفقا أو كان ما بها أقبح. أما العيوب التي لا تثبت الخيار فلا تؤثر كالعمى وقطع الطرف وتشوه الصورة خلافا لجمع متقدمين. تتمة [في بيان العيوب التي تثبت الخيار] ومن عيوب النكاح رتق وقرن فيها وجب وعنة فيه فلكل من الزوجين الخيار فورا في فسخ النكاح بما وجد من العيوب المذكورة في الآخر بشرط أن يكون بحضور الحاكم. وليس منها استحاضة وبخر وصنان وقروح سيالة وضيق منفذ ويجوز لكل من الزوجين خيار بخلف شرط وقع في العقد لا قبله كأن شرط في أحد الزوجين حرية أو نسب أو جمال أو يسار أو بكارة أو شباب أو سلامة من عيوب كزوجتك بشرط أنها بكر أو حرة مثلا فإن بان أدنى مما شرط فله فسخ ولو بلا قاض ولو شرطت بكارة فوجدت ولا يقابل بعضها ببعض ويزوجها بغير كفء ولي لا قاض برضا كل. ثيبا وادعت ذهابها عنده فأنكر صدقت بيمينها لدفع الفسخ أو ادعت افتضاضه لها فأنكر فالقول قولها بيمينها لدفع الفسخ أيضا لكن يصدق هو بيمينه لتشطير المهر إن طلق قبل الدخول. ولا يقابل بعضها أي بعض خصال الكفاءة ببعض من تلك الخصال فلا تزوج حرة عجمية برقيق عربي ولا حرة فاسقة بعبد عفيف. قال المتولي: وليس
